{
    "name": "All Requests",
    "numberOfRequests": {
        "total": 177490,
        "ok": 177011,
        "ko": 479
    },
    "minResponseTime": {
        "total": 2,
        "ok": 2,
        "ko": 9
    },
    "maxResponseTime": {
        "total": 60001,
        "ok": 58589,
        "ko": 60001
    },
    "meanResponseTime": {
        "total": 6623,
        "ok": 6630,
        "ko": 3755
    },
    "standardDeviation": {
        "total": 9486,
        "ok": 9475,
        "ko": 12704
    },
    "percentiles1": {
        "total": 2398,
        "ok": 2402,
        "ko": 514
    },
    "percentiles2": {
        "total": 5400,
        "ok": 5423,
        "ko": 1237
    },
    "percentiles3": {
        "total": 29521,
        "ok": 29530,
        "ko": 14482
    },
    "percentiles4": {
        "total": 38670,
        "ok": 38641,
        "ko": 60000
    },
    "group1": {
    "name": "t < 800 ms",
    "htmlName": "t < 800 ms",
    "count": 13082,
    "percentage": 7.37055608766691
},
    "group2": {
    "name": "800 ms <= t < 1200 ms",
    "htmlName": "t >= 800 ms <br> t < 1200 ms",
    "count": 18222,
    "percentage": 10.266493886979548
},
    "group3": {
    "name": "t >= 1200 ms",
    "htmlName": "t >= 1200 ms",
    "count": 145707,
    "percentage": 82.09307566623471
},
    "group4": {
    "name": "failed",
    "htmlName": "failed",
    "count": 479,
    "percentage": 0.26987435911882357
},
    "meanNumberOfRequestsPerSecond": {
        "total": 52.12628487518355,
        "ok": 51.9856093979442,
        "ko": 0.1406754772393539
    }
}