{
  "type": "GROUP",
"name": "All Requests",
"path": "",
"pathFormatted": "group_missing-name--1146707516",
"stats": {
    "name": "All Requests",
    "numberOfRequests": {
        "total": 177490,
        "ok": 177011,
        "ko": 479
    },
    "minResponseTime": {
        "total": 2,
        "ok": 2,
        "ko": 9
    },
    "maxResponseTime": {
        "total": 60001,
        "ok": 58589,
        "ko": 60001
    },
    "meanResponseTime": {
        "total": 6623,
        "ok": 6630,
        "ko": 3755
    },
    "standardDeviation": {
        "total": 9486,
        "ok": 9475,
        "ko": 12704
    },
    "percentiles1": {
        "total": 2398,
        "ok": 2402,
        "ko": 514
    },
    "percentiles2": {
        "total": 5400,
        "ok": 5423,
        "ko": 1237
    },
    "percentiles3": {
        "total": 29521,
        "ok": 29530,
        "ko": 14482
    },
    "percentiles4": {
        "total": 38670,
        "ok": 38641,
        "ko": 60000
    },
    "group1": {
    "name": "t < 800 ms",
    "htmlName": "t < 800 ms",
    "count": 13082,
    "percentage": 7.37055608766691
},
    "group2": {
    "name": "800 ms <= t < 1200 ms",
    "htmlName": "t >= 800 ms <br> t < 1200 ms",
    "count": 18222,
    "percentage": 10.266493886979548
},
    "group3": {
    "name": "t >= 1200 ms",
    "htmlName": "t >= 1200 ms",
    "count": 145707,
    "percentage": 82.09307566623471
},
    "group4": {
    "name": "failed",
    "htmlName": "failed",
    "count": 479,
    "percentage": 0.26987435911882357
},
    "meanNumberOfRequestsPerSecond": {
        "total": 52.12628487518355,
        "ok": 51.9856093979442,
        "ko": 0.1406754772393539
    }
},
"contents": {
"req_go-to-login-pag-1537763987": {
        "type": "REQUEST",
        "name": "Go to login page",
"path": "Go to login page",
"pathFormatted": "req_go-to-login-pag-1537763987",
"stats": {
    "name": "Go to login page",
    "numberOfRequests": {
        "total": 933,
        "ok": 933,
        "ko": 0
    },
    "minResponseTime": {
        "total": 2,
        "ok": 2,
        "ko": 0
    },
    "maxResponseTime": {
        "total": 12,
        "ok": 12,
        "ko": 0
    },
    "meanResponseTime": {
        "total": 3,
        "ok": 3,
        "ko": 0
    },
    "standardDeviation": {
        "total": 1,
        "ok": 1,
        "ko": 0
    },
    "percentiles1": {
        "total": 3,
        "ok": 3,
        "ko": 0
    },
    "percentiles2": {
        "total": 4,
        "ok": 4,
        "ko": 0
    },
    "percentiles3": {
        "total": 4,
        "ok": 4,
        "ko": 0
    },
    "percentiles4": {
        "total": 7,
        "ok": 7,
        "ko": 0
    },
    "group1": {
    "name": "t < 800 ms",
    "htmlName": "t < 800 ms",
    "count": 933,
    "percentage": 100.0
},
    "group2": {
    "name": "800 ms <= t < 1200 ms",
    "htmlName": "t >= 800 ms <br> t < 1200 ms",
    "count": 0,
    "percentage": 0.0
},
    "group3": {
    "name": "t >= 1200 ms",
    "htmlName": "t >= 1200 ms",
    "count": 0,
    "percentage": 0.0
},
    "group4": {
    "name": "failed",
    "htmlName": "failed",
    "count": 0,
    "percentage": 0.0
},
    "meanNumberOfRequestsPerSecond": {
        "total": 0.2740088105726872,
        "ok": 0.2740088105726872,
        "ko": 0
    }
}
    },"req_submit-credenti--2043499788": {
        "type": "REQUEST",
        "name": "submit credentials",
"path": "submit credentials",
"pathFormatted": "req_submit-credenti--2043499788",
"stats": {
    "name": "submit credentials",
    "numberOfRequests": {
        "total": 933,
        "ok": 933,
        "ko": 0
    },
    "minResponseTime": {
        "total": 255,
        "ok": 255,
        "ko": 0
    },
    "maxResponseTime": {
        "total": 40842,
        "ok": 40842,
        "ko": 0
    },
    "meanResponseTime": {
        "total": 3106,
        "ok": 3106,
        "ko": 0
    },
    "standardDeviation": {
        "total": 6339,
        "ok": 6339,
        "ko": 0
    },
    "percentiles1": {
        "total": 672,
        "ok": 672,
        "ko": 0
    },
    "percentiles2": {
        "total": 1961,
        "ok": 1961,
        "ko": 0
    },
    "percentiles3": {
        "total": 17534,
        "ok": 17550,
        "ko": 0
    },
    "percentiles4": {
        "total": 31801,
        "ok": 31801,
        "ko": 0
    },
    "group1": {
    "name": "t < 800 ms",
    "htmlName": "t < 800 ms",
    "count": 543,
    "percentage": 58.19935691318327
},
    "group2": {
    "name": "800 ms <= t < 1200 ms",
    "htmlName": "t >= 800 ms <br> t < 1200 ms",
    "count": 94,
    "percentage": 10.07502679528403
},
    "group3": {
    "name": "t >= 1200 ms",
    "htmlName": "t >= 1200 ms",
    "count": 296,
    "percentage": 31.72561629153269
},
    "group4": {
    "name": "failed",
    "htmlName": "failed",
    "count": 0,
    "percentage": 0.0
},
    "meanNumberOfRequestsPerSecond": {
        "total": 0.2740088105726872,
        "ok": 0.2740088105726872,
        "ko": 0
    }
}
    },"req_check-user-logg-946489478": {
        "type": "REQUEST",
        "name": "check user logged in",
"path": "check user logged in",
"pathFormatted": "req_check-user-logg-946489478",
"stats": {
    "name": "check user logged in",
    "numberOfRequests": {
        "total": 933,
        "ok": 932,
        "ko": 1
    },
    "minResponseTime": {
        "total": 470,
        "ok": 470,
        "ko": 60000
    },
    "maxResponseTime": {
        "total": 60000,
        "ok": 43836,
        "ko": 60000
    },
    "meanResponseTime": {
        "total": 4239,
        "ok": 4179,
        "ko": 60000
    },
    "standardDeviation": {
        "total": 7242,
        "ok": 7011,
        "ko": 0
    },
    "percentiles1": {
        "total": 1304,
        "ok": 1303,
        "ko": 60000
    },
    "percentiles2": {
        "total": 3200,
        "ok": 3184,
        "ko": 60000
    },
    "percentiles3": {
        "total": 20640,
        "ok": 20289,
        "ko": 60000
    },
    "percentiles4": {
        "total": 33819,
        "ok": 33512,
        "ko": 60000
    },
    "group1": {
    "name": "t < 800 ms",
    "htmlName": "t < 800 ms",
    "count": 199,
    "percentage": 21.329046087888532
},
    "group2": {
    "name": "800 ms <= t < 1200 ms",
    "htmlName": "t >= 800 ms <br> t < 1200 ms",
    "count": 215,
    "percentage": 23.04394426580922
},
    "group3": {
    "name": "t >= 1200 ms",
    "htmlName": "t >= 1200 ms",
    "count": 518,
    "percentage": 55.519828510182215
},
    "group4": {
    "name": "failed",
    "htmlName": "failed",
    "count": 1,
    "percentage": 0.10718113612004287
},
    "meanNumberOfRequestsPerSecond": {
        "total": 0.2740088105726872,
        "ok": 0.2737151248164464,
        "ko": 2.936857562408223E-4
    }
}
    },"req_go-to-user-prog--2104020333": {
        "type": "REQUEST",
        "name": "Go to user program page",
"path": "Go to user program page",
"pathFormatted": "req_go-to-user-prog--2104020333",
"stats": {
    "name": "Go to user program page",
    "numberOfRequests": {
        "total": 932,
        "ok": 932,
        "ko": 0
    },
    "minResponseTime": {
        "total": 708,
        "ok": 708,
        "ko": 0
    },
    "maxResponseTime": {
        "total": 49865,
        "ok": 49865,
        "ko": 0
    },
    "meanResponseTime": {
        "total": 6222,
        "ok": 6222,
        "ko": 0
    },
    "standardDeviation": {
        "total": 8173,
        "ok": 8173,
        "ko": 0
    },
    "percentiles1": {
        "total": 2948,
        "ok": 2948,
        "ko": 0
    },
    "percentiles2": {
        "total": 5639,
        "ok": 5639,
        "ko": 0
    },
    "percentiles3": {
        "total": 25316,
        "ok": 25316,
        "ko": 0
    },
    "percentiles4": {
        "total": 39280,
        "ok": 39280,
        "ko": 0
    },
    "group1": {
    "name": "t < 800 ms",
    "htmlName": "t < 800 ms",
    "count": 4,
    "percentage": 0.4291845493562232
},
    "group2": {
    "name": "800 ms <= t < 1200 ms",
    "htmlName": "t >= 800 ms <br> t < 1200 ms",
    "count": 40,
    "percentage": 4.291845493562231
},
    "group3": {
    "name": "t >= 1200 ms",
    "htmlName": "t >= 1200 ms",
    "count": 888,
    "percentage": 95.27896995708154
},
    "group4": {
    "name": "failed",
    "htmlName": "failed",
    "count": 0,
    "percentage": 0.0
},
    "meanNumberOfRequestsPerSecond": {
        "total": 0.2737151248164464,
        "ok": 0.2737151248164464,
        "ko": 0
    }
}
    },"req_go-to-breakout---1000037037": {
        "type": "REQUEST",
        "name": "Go to breakout page",
"path": "Go to breakout page",
"pathFormatted": "req_go-to-breakout---1000037037",
"stats": {
    "name": "Go to breakout page",
    "numberOfRequests": {
        "total": 8424,
        "ok": 8422,
        "ko": 2
    },
    "minResponseTime": {
        "total": 847,
        "ok": 847,
        "ko": 60000
    },
    "maxResponseTime": {
        "total": 60001,
        "ok": 54418,
        "ko": 60001
    },
    "meanResponseTime": {
        "total": 7984,
        "ok": 7972,
        "ko": 60001
    },
    "standardDeviation": {
        "total": 10983,
        "ok": 10955,
        "ko": 1
    },
    "percentiles1": {
        "total": 2675,
        "ok": 2674,
        "ko": 60001
    },
    "percentiles2": {
        "total": 7343,
        "ok": 7335,
        "ko": 60001
    },
    "percentiles3": {
        "total": 34369,
        "ok": 34335,
        "ko": 60001
    },
    "percentiles4": {
        "total": 43156,
        "ok": 42852,
        "ko": 60001
    },
    "group1": {
    "name": "t < 800 ms",
    "htmlName": "t < 800 ms",
    "count": 0,
    "percentage": 0.0
},
    "group2": {
    "name": "800 ms <= t < 1200 ms",
    "htmlName": "t >= 800 ms <br> t < 1200 ms",
    "count": 679,
    "percentage": 8.060303893637228
},
    "group3": {
    "name": "t >= 1200 ms",
    "htmlName": "t >= 1200 ms",
    "count": 7743,
    "percentage": 91.91595441595442
},
    "group4": {
    "name": "failed",
    "htmlName": "failed",
    "count": 2,
    "percentage": 0.023741690408357077
},
    "meanNumberOfRequestsPerSecond": {
        "total": 2.474008810572687,
        "ok": 2.4734214390602056,
        "ko": 5.873715124816446E-4
    }
}
    },"req_accept-vote--ci--768716124": {
        "type": "REQUEST",
        "name": "Accept vote (citation # 1)",
"path": "Accept vote (citation # 1)",
"pathFormatted": "req_accept-vote--ci--768716124",
"stats": {
    "name": "Accept vote (citation # 1)",
    "numberOfRequests": {
        "total": 8422,
        "ok": 8408,
        "ko": 14
    },
    "minResponseTime": {
        "total": 19,
        "ok": 397,
        "ko": 19
    },
    "maxResponseTime": {
        "total": 60000,
        "ok": 48910,
        "ko": 60000
    },
    "meanResponseTime": {
        "total": 6474,
        "ok": 6477,
        "ko": 4897
    },
    "standardDeviation": {
        "total": 8974,
        "ok": 8960,
        "ko": 15299
    },
    "percentiles1": {
        "total": 2447,
        "ok": 2449,
        "ko": 655
    },
    "percentiles2": {
        "total": 5127,
        "ok": 5138,
        "ko": 907
    },
    "percentiles3": {
        "total": 28608,
        "ok": 28601,
        "ko": 60000
    },
    "percentiles4": {
        "total": 36205,
        "ok": 36150,
        "ko": 60000
    },
    "group1": {
    "name": "t < 800 ms",
    "htmlName": "t < 800 ms",
    "count": 265,
    "percentage": 3.1465210163856567
},
    "group2": {
    "name": "800 ms <= t < 1200 ms",
    "htmlName": "t >= 800 ms <br> t < 1200 ms",
    "count": 701,
    "percentage": 8.32343861315602
},
    "group3": {
    "name": "t >= 1200 ms",
    "htmlName": "t >= 1200 ms",
    "count": 7442,
    "percentage": 88.36380907147947
},
    "group4": {
    "name": "failed",
    "htmlName": "failed",
    "count": 14,
    "percentage": 0.16623129897886488
},
    "meanNumberOfRequestsPerSecond": {
        "total": 2.4734214390602056,
        "ok": 2.4693098384728343,
        "ko": 0.0041116005873715125
    }
}
    },"req_cancel-vote--ci-1326826041": {
        "type": "REQUEST",
        "name": "Cancel vote (citation 1)",
"path": "Cancel vote (citation 1)",
"pathFormatted": "req_cancel-vote--ci-1326826041",
"stats": {
    "name": "Cancel vote (citation 1)",
    "numberOfRequests": {
        "total": 8408,
        "ok": 8386,
        "ko": 22
    },
    "minResponseTime": {
        "total": 22,
        "ok": 441,
        "ko": 22
    },
    "maxResponseTime": {
        "total": 60000,
        "ok": 52607,
        "ko": 60000
    },
    "meanResponseTime": {
        "total": 6749,
        "ok": 6751,
        "ko": 5981
    },
    "standardDeviation": {
        "total": 9557,
        "ok": 9529,
        "ko": 17095
    },
    "percentiles1": {
        "total": 2484,
        "ok": 2487,
        "ko": 525
    },
    "percentiles2": {
        "total": 5385,
        "ok": 5398,
        "ko": 1219
    },
    "percentiles3": {
        "total": 29527,
        "ok": 29507,
        "ko": 60000
    },
    "percentiles4": {
        "total": 41153,
        "ok": 41010,
        "ko": 60000
    },
    "group1": {
    "name": "t < 800 ms",
    "htmlName": "t < 800 ms",
    "count": 234,
    "percentage": 2.7830637488106564
},
    "group2": {
    "name": "800 ms <= t < 1200 ms",
    "htmlName": "t >= 800 ms <br> t < 1200 ms",
    "count": 695,
    "percentage": 8.26593720266413
},
    "group3": {
    "name": "t >= 1200 ms",
    "htmlName": "t >= 1200 ms",
    "count": 7457,
    "percentage": 88.68934348239772
},
    "group4": {
    "name": "failed",
    "htmlName": "failed",
    "count": 22,
    "percentage": 0.26165556612749763
},
    "meanNumberOfRequestsPerSecond": {
        "total": 2.4693098384728343,
        "ok": 2.462848751835536,
        "ko": 0.0064610866372980915
    }
}
    },"req_accept-vote--ci--768716093": {
        "type": "REQUEST",
        "name": "Accept vote (citation # 2)",
"path": "Accept vote (citation # 2)",
"pathFormatted": "req_accept-vote--ci--768716093",
"stats": {
    "name": "Accept vote (citation # 2)",
    "numberOfRequests": {
        "total": 8386,
        "ok": 8367,
        "ko": 19
    },
    "minResponseTime": {
        "total": 14,
        "ok": 395,
        "ko": 14
    },
    "maxResponseTime": {
        "total": 60000,
        "ok": 48195,
        "ko": 60000
    },
    "meanResponseTime": {
        "total": 6444,
        "ok": 6443,
        "ko": 6969
    },
    "standardDeviation": {
        "total": 8953,
        "ok": 8921,
        "ko": 18200
    },
    "percentiles1": {
        "total": 2508,
        "ok": 2511,
        "ko": 652
    },
    "percentiles2": {
        "total": 5077,
        "ok": 5087,
        "ko": 1711
    },
    "percentiles3": {
        "total": 28842,
        "ok": 28830,
        "ko": 60000
    },
    "percentiles4": {
        "total": 36239,
        "ok": 36241,
        "ko": 60000
    },
    "group1": {
    "name": "t < 800 ms",
    "htmlName": "t < 800 ms",
    "count": 226,
    "percentage": 2.6949678034819935
},
    "group2": {
    "name": "800 ms <= t < 1200 ms",
    "htmlName": "t >= 800 ms <br> t < 1200 ms",
    "count": 657,
    "percentage": 7.83448604817553
},
    "group3": {
    "name": "t >= 1200 ms",
    "htmlName": "t >= 1200 ms",
    "count": 7484,
    "percentage": 89.24397805866921
},
    "group4": {
    "name": "failed",
    "htmlName": "failed",
    "count": 19,
    "percentage": 0.22656808967326494
},
    "meanNumberOfRequestsPerSecond": {
        "total": 2.462848751835536,
        "ok": 2.4572687224669605,
        "ko": 0.005580029368575624
    }
}
    },"req_cancel-vote--ci-1326826072": {
        "type": "REQUEST",
        "name": "Cancel vote (citation 2)",
"path": "Cancel vote (citation 2)",
"pathFormatted": "req_cancel-vote--ci-1326826072",
"stats": {
    "name": "Cancel vote (citation 2)",
    "numberOfRequests": {
        "total": 8367,
        "ok": 8349,
        "ko": 18
    },
    "minResponseTime": {
        "total": 20,
        "ok": 418,
        "ko": 20
    },
    "maxResponseTime": {
        "total": 60000,
        "ok": 53260,
        "ko": 60000
    },
    "meanResponseTime": {
        "total": 6795,
        "ok": 6801,
        "ko": 4288
    },
    "standardDeviation": {
        "total": 9489,
        "ok": 9478,
        "ko": 13545
    },
    "percentiles1": {
        "total": 2556,
        "ok": 2559,
        "ko": 1084
    },
    "percentiles2": {
        "total": 5329,
        "ok": 5342,
        "ko": 2152
    },
    "percentiles3": {
        "total": 29098,
        "ok": 29097,
        "ko": 60000
    },
    "percentiles4": {
        "total": 40723,
        "ok": 40704,
        "ko": 60000
    },
    "group1": {
    "name": "t < 800 ms",
    "htmlName": "t < 800 ms",
    "count": 203,
    "percentage": 2.426198159435879
},
    "group2": {
    "name": "800 ms <= t < 1200 ms",
    "htmlName": "t >= 800 ms <br> t < 1200 ms",
    "count": 594,
    "percentage": 7.099318752240946
},
    "group3": {
    "name": "t >= 1200 ms",
    "htmlName": "t >= 1200 ms",
    "count": 7552,
    "percentage": 90.25935221704314
},
    "group4": {
    "name": "failed",
    "htmlName": "failed",
    "count": 18,
    "percentage": 0.2151308712800287
},
    "meanNumberOfRequestsPerSecond": {
        "total": 2.4572687224669605,
        "ok": 2.4519823788546256,
        "ko": 0.0052863436123348016
    }
}
    },"req_reject-vote--ci-155049977": {
        "type": "REQUEST",
        "name": "Reject vote (citation # 3)",
"path": "Reject vote (citation # 3)",
"pathFormatted": "req_reject-vote--ci-155049977",
"stats": {
    "name": "Reject vote (citation # 3)",
    "numberOfRequests": {
        "total": 8349,
        "ok": 8336,
        "ko": 13
    },
    "minResponseTime": {
        "total": 77,
        "ok": 461,
        "ko": 77
    },
    "maxResponseTime": {
        "total": 48634,
        "ok": 48634,
        "ko": 2039
    },
    "meanResponseTime": {
        "total": 5988,
        "ok": 5996,
        "ko": 822
    },
    "standardDeviation": {
        "total": 9378,
        "ok": 9383,
        "ko": 617
    },
    "percentiles1": {
        "total": 1454,
        "ok": 1457,
        "ko": 707
    },
    "percentiles2": {
        "total": 4827,
        "ok": 4840,
        "ko": 1091
    },
    "percentiles3": {
        "total": 29219,
        "ok": 29226,
        "ko": 2039
    },
    "percentiles4": {
        "total": 35880,
        "ok": 35860,
        "ko": 2039
    },
    "group1": {
    "name": "t < 800 ms",
    "htmlName": "t < 800 ms",
    "count": 1762,
    "percentage": 21.10432387112229
},
    "group2": {
    "name": "800 ms <= t < 1200 ms",
    "htmlName": "t >= 800 ms <br> t < 1200 ms",
    "count": 1809,
    "percentage": 21.66726554078333
},
    "group3": {
    "name": "t >= 1200 ms",
    "htmlName": "t >= 1200 ms",
    "count": 4765,
    "percentage": 57.07270331776261
},
    "group4": {
    "name": "failed",
    "htmlName": "failed",
    "count": 13,
    "percentage": 0.15570727033177625
},
    "meanNumberOfRequestsPerSecond": {
        "total": 2.4519823788546256,
        "ok": 2.448164464023495,
        "ko": 0.0038179148311306903
    }
}
    },"req_rejection-reaso-933200556": {
        "type": "REQUEST",
        "name": "Rejection reason (citation 3)",
"path": "Rejection reason (citation 3)",
"pathFormatted": "req_rejection-reaso-933200556",
"stats": {
    "name": "Rejection reason (citation 3)",
    "numberOfRequests": {
        "total": 8336,
        "ok": 8317,
        "ko": 19
    },
    "minResponseTime": {
        "total": 10,
        "ok": 310,
        "ko": 10
    },
    "maxResponseTime": {
        "total": 60000,
        "ok": 46928,
        "ko": 60000
    },
    "meanResponseTime": {
        "total": 5931,
        "ok": 5936,
        "ko": 3781
    },
    "standardDeviation": {
        "total": 8664,
        "ok": 8650,
        "ko": 13275
    },
    "percentiles1": {
        "total": 2125,
        "ok": 2127,
        "ko": 485
    },
    "percentiles2": {
        "total": 4320,
        "ok": 4332,
        "ko": 1018
    },
    "percentiles3": {
        "total": 27310,
        "ok": 27309,
        "ko": 60000
    },
    "percentiles4": {
        "total": 35316,
        "ok": 35272,
        "ko": 60000
    },
    "group1": {
    "name": "t < 800 ms",
    "htmlName": "t < 800 ms",
    "count": 622,
    "percentage": 7.461612284069099
},
    "group2": {
    "name": "800 ms <= t < 1200 ms",
    "htmlName": "t >= 800 ms <br> t < 1200 ms",
    "count": 949,
    "percentage": 11.384357005758156
},
    "group3": {
    "name": "t >= 1200 ms",
    "htmlName": "t >= 1200 ms",
    "count": 6746,
    "percentage": 80.92610364683301
},
    "group4": {
    "name": "failed",
    "htmlName": "failed",
    "count": 19,
    "percentage": 0.22792706333973128
},
    "meanNumberOfRequestsPerSecond": {
        "total": 2.448164464023495,
        "ok": 2.4425844346549193,
        "ko": 0.005580029368575624
    }
}
    },"req_cancel-vote--ci-1326826103": {
        "type": "REQUEST",
        "name": "Cancel vote (citation 3)",
"path": "Cancel vote (citation 3)",
"pathFormatted": "req_cancel-vote--ci-1326826103",
"stats": {
    "name": "Cancel vote (citation 3)",
    "numberOfRequests": {
        "total": 8317,
        "ok": 8293,
        "ko": 24
    },
    "minResponseTime": {
        "total": 19,
        "ok": 422,
        "ko": 19
    },
    "maxResponseTime": {
        "total": 55195,
        "ok": 55195,
        "ko": 2653
    },
    "meanResponseTime": {
        "total": 6817,
        "ok": 6834,
        "ko": 850
    },
    "standardDeviation": {
        "total": 9421,
        "ok": 9429,
        "ko": 782
    },
    "percentiles1": {
        "total": 2576,
        "ok": 2582,
        "ko": 892
    },
    "percentiles2": {
        "total": 5533,
        "ok": 5563,
        "ko": 1343
    },
    "percentiles3": {
        "total": 29363,
        "ok": 29383,
        "ko": 2334
    },
    "percentiles4": {
        "total": 40323,
        "ok": 40341,
        "ko": 2653
    },
    "group1": {
    "name": "t < 800 ms",
    "htmlName": "t < 800 ms",
    "count": 176,
    "percentage": 2.11614764939281
},
    "group2": {
    "name": "800 ms <= t < 1200 ms",
    "htmlName": "t >= 800 ms <br> t < 1200 ms",
    "count": 567,
    "percentage": 6.817362029577972
},
    "group3": {
    "name": "t >= 1200 ms",
    "htmlName": "t >= 1200 ms",
    "count": 7550,
    "percentage": 90.77792473247565
},
    "group4": {
    "name": "failed",
    "htmlName": "failed",
    "count": 24,
    "percentage": 0.288565588553565
},
    "meanNumberOfRequestsPerSecond": {
        "total": 2.4425844346549193,
        "ok": 2.4355359765051396,
        "ko": 0.007048458149779736
    }
}
    },"req_reject-vote--ci-155050008": {
        "type": "REQUEST",
        "name": "Reject vote (citation # 4)",
"path": "Reject vote (citation # 4)",
"pathFormatted": "req_reject-vote--ci-155050008",
"stats": {
    "name": "Reject vote (citation # 4)",
    "numberOfRequests": {
        "total": 8293,
        "ok": 8278,
        "ko": 15
    },
    "minResponseTime": {
        "total": 152,
        "ok": 460,
        "ko": 152
    },
    "maxResponseTime": {
        "total": 60000,
        "ok": 47677,
        "ko": 60000
    },
    "meanResponseTime": {
        "total": 5891,
        "ok": 5892,
        "ko": 4821
    },
    "standardDeviation": {
        "total": 9358,
        "ok": 9345,
        "ko": 14767
    },
    "percentiles1": {
        "total": 1411,
        "ok": 1414,
        "ko": 599
    },
    "percentiles2": {
        "total": 4477,
        "ok": 4489,
        "ko": 1369
    },
    "percentiles3": {
        "total": 29096,
        "ok": 29101,
        "ko": 60000
    },
    "percentiles4": {
        "total": 36211,
        "ok": 35997,
        "ko": 60000
    },
    "group1": {
    "name": "t < 800 ms",
    "htmlName": "t < 800 ms",
    "count": 1808,
    "percentage": 21.80151935367177
},
    "group2": {
    "name": "800 ms <= t < 1200 ms",
    "htmlName": "t >= 800 ms <br> t < 1200 ms",
    "count": 1815,
    "percentage": 21.885927890992406
},
    "group3": {
    "name": "t >= 1200 ms",
    "htmlName": "t >= 1200 ms",
    "count": 4655,
    "percentage": 56.131677318220184
},
    "group4": {
    "name": "failed",
    "htmlName": "failed",
    "count": 15,
    "percentage": 0.1808754371156397
},
    "meanNumberOfRequestsPerSecond": {
        "total": 2.4355359765051396,
        "ok": 2.431130690161527,
        "ko": 0.004405286343612335
    }
}
    },"req_rejection-reaso-933200587": {
        "type": "REQUEST",
        "name": "Rejection reason (citation 4)",
"path": "Rejection reason (citation 4)",
"pathFormatted": "req_rejection-reaso-933200587",
"stats": {
    "name": "Rejection reason (citation 4)",
    "numberOfRequests": {
        "total": 8278,
        "ok": 8256,
        "ko": 22
    },
    "minResponseTime": {
        "total": 31,
        "ok": 271,
        "ko": 31
    },
    "maxResponseTime": {
        "total": 60000,
        "ok": 46411,
        "ko": 60000
    },
    "meanResponseTime": {
        "total": 6027,
        "ok": 6006,
        "ko": 14132
    },
    "standardDeviation": {
        "total": 8790,
        "ok": 8697,
        "ko": 24881
    },
    "percentiles1": {
        "total": 2155,
        "ok": 2157,
        "ko": 661
    },
    "percentiles2": {
        "total": 4425,
        "ok": 4427,
        "ko": 2100
    },
    "percentiles3": {
        "total": 27564,
        "ok": 27487,
        "ko": 60000
    },
    "percentiles4": {
        "total": 35105,
        "ok": 34847,
        "ko": 60000
    },
    "group1": {
    "name": "t < 800 ms",
    "htmlName": "t < 800 ms",
    "count": 565,
    "percentage": 6.825320125634211
},
    "group2": {
    "name": "800 ms <= t < 1200 ms",
    "htmlName": "t >= 800 ms <br> t < 1200 ms",
    "count": 922,
    "percentage": 11.137956028026093
},
    "group3": {
    "name": "t >= 1200 ms",
    "htmlName": "t >= 1200 ms",
    "count": 6769,
    "percentage": 81.77095916888138
},
    "group4": {
    "name": "failed",
    "htmlName": "failed",
    "count": 22,
    "percentage": 0.2657646774583233
},
    "meanNumberOfRequestsPerSecond": {
        "total": 2.431130690161527,
        "ok": 2.424669603524229,
        "ko": 0.0064610866372980915
    }
}
    },"req_cancel-vote--ci-1326826134": {
        "type": "REQUEST",
        "name": "Cancel vote (citation 4)",
"path": "Cancel vote (citation 4)",
"pathFormatted": "req_cancel-vote--ci-1326826134",
"stats": {
    "name": "Cancel vote (citation 4)",
    "numberOfRequests": {
        "total": 8256,
        "ok": 8238,
        "ko": 18
    },
    "minResponseTime": {
        "total": 9,
        "ok": 496,
        "ko": 9
    },
    "maxResponseTime": {
        "total": 60000,
        "ok": 56395,
        "ko": 60000
    },
    "meanResponseTime": {
        "total": 7133,
        "ok": 7139,
        "ko": 4240
    },
    "standardDeviation": {
        "total": 9788,
        "ok": 9777,
        "ko": 13565
    },
    "percentiles1": {
        "total": 2688,
        "ok": 2691,
        "ko": 776
    },
    "percentiles2": {
        "total": 5910,
        "ok": 5926,
        "ko": 1286
    },
    "percentiles3": {
        "total": 30328,
        "ok": 30317,
        "ko": 60000
    },
    "percentiles4": {
        "total": 41638,
        "ok": 41561,
        "ko": 60000
    },
    "group1": {
    "name": "t < 800 ms",
    "htmlName": "t < 800 ms",
    "count": 123,
    "percentage": 1.489825581395349
},
    "group2": {
    "name": "800 ms <= t < 1200 ms",
    "htmlName": "t >= 800 ms <br> t < 1200 ms",
    "count": 583,
    "percentage": 7.061531007751938
},
    "group3": {
    "name": "t >= 1200 ms",
    "htmlName": "t >= 1200 ms",
    "count": 7532,
    "percentage": 91.23062015503875
},
    "group4": {
    "name": "failed",
    "htmlName": "failed",
    "count": 18,
    "percentage": 0.2180232558139535
},
    "meanNumberOfRequestsPerSecond": {
        "total": 2.424669603524229,
        "ok": 2.419383259911894,
        "ko": 0.0052863436123348016
    }
}
    },"req_accept-vote--ci--768716000": {
        "type": "REQUEST",
        "name": "Accept vote (citation # 5)",
"path": "Accept vote (citation # 5)",
"pathFormatted": "req_accept-vote--ci--768716000",
"stats": {
    "name": "Accept vote (citation # 5)",
    "numberOfRequests": {
        "total": 8238,
        "ok": 8222,
        "ko": 16
    },
    "minResponseTime": {
        "total": 11,
        "ok": 530,
        "ko": 11
    },
    "maxResponseTime": {
        "total": 49559,
        "ok": 49559,
        "ko": 4109
    },
    "meanResponseTime": {
        "total": 7287,
        "ok": 7299,
        "ko": 1039
    },
    "standardDeviation": {
        "total": 9668,
        "ok": 9673,
        "ko": 1136
    },
    "percentiles1": {
        "total": 2729,
        "ok": 2732,
        "ko": 742
    },
    "percentiles2": {
        "total": 6163,
        "ok": 6185,
        "ko": 1686
    },
    "percentiles3": {
        "total": 30517,
        "ok": 30527,
        "ko": 4109
    },
    "percentiles4": {
        "total": 37506,
        "ok": 37522,
        "ko": 4109
    },
    "group1": {
    "name": "t < 800 ms",
    "htmlName": "t < 800 ms",
    "count": 111,
    "percentage": 1.347414420975965
},
    "group2": {
    "name": "800 ms <= t < 1200 ms",
    "htmlName": "t >= 800 ms <br> t < 1200 ms",
    "count": 532,
    "percentage": 6.457878125758679
},
    "group3": {
    "name": "t >= 1200 ms",
    "htmlName": "t >= 1200 ms",
    "count": 7579,
    "percentage": 92.0004855547463
},
    "group4": {
    "name": "failed",
    "htmlName": "failed",
    "count": 16,
    "percentage": 0.19422189851905802
},
    "meanNumberOfRequestsPerSecond": {
        "total": 2.419383259911894,
        "ok": 2.414684287812041,
        "ko": 0.004698972099853157
    }
}
    },"req_cancel-vote--ci-1326826165": {
        "type": "REQUEST",
        "name": "Cancel vote (citation 5)",
"path": "Cancel vote (citation 5)",
"pathFormatted": "req_cancel-vote--ci-1326826165",
"stats": {
    "name": "Cancel vote (citation 5)",
    "numberOfRequests": {
        "total": 8222,
        "ok": 8215,
        "ko": 7
    },
    "minResponseTime": {
        "total": 22,
        "ok": 532,
        "ko": 22
    },
    "maxResponseTime": {
        "total": 55952,
        "ok": 55952,
        "ko": 1735
    },
    "meanResponseTime": {
        "total": 7389,
        "ok": 7395,
        "ko": 584
    },
    "standardDeviation": {
        "total": 10073,
        "ok": 10076,
        "ko": 657
    },
    "percentiles1": {
        "total": 2741,
        "ok": 2743,
        "ko": 102
    },
    "percentiles2": {
        "total": 6186,
        "ok": 6196,
        "ko": 1395
    },
    "percentiles3": {
        "total": 31061,
        "ok": 31068,
        "ko": 1735
    },
    "percentiles4": {
        "total": 43039,
        "ok": 43041,
        "ko": 1735
    },
    "group1": {
    "name": "t < 800 ms",
    "htmlName": "t < 800 ms",
    "count": 91,
    "percentage": 1.1067866699099975
},
    "group2": {
    "name": "800 ms <= t < 1200 ms",
    "htmlName": "t >= 800 ms <br> t < 1200 ms",
    "count": 546,
    "percentage": 6.640720019459985
},
    "group3": {
    "name": "t >= 1200 ms",
    "htmlName": "t >= 1200 ms",
    "count": 7578,
    "percentage": 92.16735587448309
},
    "group4": {
    "name": "failed",
    "htmlName": "failed",
    "count": 7,
    "percentage": 0.08513743614692289
},
    "meanNumberOfRequestsPerSecond": {
        "total": 2.414684287812041,
        "ok": 2.4126284875183552,
        "ko": 0.0020558002936857563
    }
}
    },"req_accept-vote--ci--768715969": {
        "type": "REQUEST",
        "name": "Accept vote (citation # 6)",
"path": "Accept vote (citation # 6)",
"pathFormatted": "req_accept-vote--ci--768715969",
"stats": {
    "name": "Accept vote (citation # 6)",
    "numberOfRequests": {
        "total": 8215,
        "ok": 8195,
        "ko": 20
    },
    "minResponseTime": {
        "total": 25,
        "ok": 547,
        "ko": 25
    },
    "maxResponseTime": {
        "total": 50123,
        "ok": 50123,
        "ko": 8003
    },
    "meanResponseTime": {
        "total": 7230,
        "ok": 7245,
        "ko": 1136
    },
    "standardDeviation": {
        "total": 9654,
        "ok": 9661,
        "ko": 1807
    },
    "percentiles1": {
        "total": 2801,
        "ok": 2807,
        "ko": 532
    },
    "percentiles2": {
        "total": 6093,
        "ok": 6112,
        "ko": 1173
    },
    "percentiles3": {
        "total": 30975,
        "ok": 30991,
        "ko": 8003
    },
    "percentiles4": {
        "total": 39221,
        "ok": 39233,
        "ko": 8003
    },
    "group1": {
    "name": "t < 800 ms",
    "htmlName": "t < 800 ms",
    "count": 79,
    "percentage": 0.9616555082166769
},
    "group2": {
    "name": "800 ms <= t < 1200 ms",
    "htmlName": "t >= 800 ms <br> t < 1200 ms",
    "count": 474,
    "percentage": 5.769933049300061
},
    "group3": {
    "name": "t >= 1200 ms",
    "htmlName": "t >= 1200 ms",
    "count": 7642,
    "percentage": 93.0249543517955
},
    "group4": {
    "name": "failed",
    "htmlName": "failed",
    "count": 20,
    "percentage": 0.24345709068776628
},
    "meanNumberOfRequestsPerSecond": {
        "total": 2.4126284875183552,
        "ok": 2.4067547723935387,
        "ko": 0.005873715124816446
    }
}
    },"req_cancel-vote--ci-1326826196": {
        "type": "REQUEST",
        "name": "Cancel vote (citation 6)",
"path": "Cancel vote (citation 6)",
"pathFormatted": "req_cancel-vote--ci-1326826196",
"stats": {
    "name": "Cancel vote (citation 6)",
    "numberOfRequests": {
        "total": 8195,
        "ok": 8183,
        "ko": 12
    },
    "minResponseTime": {
        "total": 41,
        "ok": 553,
        "ko": 41
    },
    "maxResponseTime": {
        "total": 60000,
        "ok": 56380,
        "ko": 60000
    },
    "meanResponseTime": {
        "total": 7426,
        "ok": 7428,
        "ko": 6060
    },
    "standardDeviation": {
        "total": 10037,
        "ok": 10025,
        "ko": 16292
    },
    "percentiles1": {
        "total": 2842,
        "ok": 2845,
        "ko": 1322
    },
    "percentiles2": {
        "total": 6172,
        "ok": 6180,
        "ko": 2700
    },
    "percentiles3": {
        "total": 31158,
        "ok": 31149,
        "ko": 60000
    },
    "percentiles4": {
        "total": 42006,
        "ok": 41936,
        "ko": 60000
    },
    "group1": {
    "name": "t < 800 ms",
    "htmlName": "t < 800 ms",
    "count": 80,
    "percentage": 0.9762050030506406
},
    "group2": {
    "name": "800 ms <= t < 1200 ms",
    "htmlName": "t >= 800 ms <br> t < 1200 ms",
    "count": 443,
    "percentage": 5.405735204392922
},
    "group3": {
    "name": "t >= 1200 ms",
    "htmlName": "t >= 1200 ms",
    "count": 7660,
    "percentage": 93.47162904209884
},
    "group4": {
    "name": "failed",
    "htmlName": "failed",
    "count": 12,
    "percentage": 0.1464307504575961
},
    "meanNumberOfRequestsPerSecond": {
        "total": 2.4067547723935387,
        "ok": 2.403230543318649,
        "ko": 0.003524229074889868
    }
}
    },"req_reject-vote--ci-155050101": {
        "type": "REQUEST",
        "name": "Reject vote (citation # 7)",
"path": "Reject vote (citation # 7)",
"pathFormatted": "req_reject-vote--ci-155050101",
"stats": {
    "name": "Reject vote (citation # 7)",
    "numberOfRequests": {
        "total": 8183,
        "ok": 8170,
        "ko": 13
    },
    "minResponseTime": {
        "total": 10,
        "ok": 464,
        "ko": 10
    },
    "maxResponseTime": {
        "total": 60000,
        "ok": 46741,
        "ko": 60000
    },
    "meanResponseTime": {
        "total": 6163,
        "ok": 6164,
        "ko": 5713
    },
    "standardDeviation": {
        "total": 9590,
        "ok": 9577,
        "ko": 15700
    },
    "percentiles1": {
        "total": 1437,
        "ok": 1438,
        "ko": 1213
    },
    "percentiles2": {
        "total": 5059,
        "ok": 5073,
        "ko": 1911
    },
    "percentiles3": {
        "total": 29341,
        "ok": 29359,
        "ko": 60000
    },
    "percentiles4": {
        "total": 36718,
        "ok": 36639,
        "ko": 60000
    },
    "group1": {
    "name": "t < 800 ms",
    "htmlName": "t < 800 ms",
    "count": 1847,
    "percentage": 22.57118416228767
},
    "group2": {
    "name": "800 ms <= t < 1200 ms",
    "htmlName": "t >= 800 ms <br> t < 1200 ms",
    "count": 1673,
    "percentage": 20.444824636441403
},
    "group3": {
    "name": "t >= 1200 ms",
    "htmlName": "t >= 1200 ms",
    "count": 4650,
    "percentage": 56.82512525968472
},
    "group4": {
    "name": "failed",
    "htmlName": "failed",
    "count": 13,
    "percentage": 0.1588659415862153
},
    "meanNumberOfRequestsPerSecond": {
        "total": 2.403230543318649,
        "ok": 2.3994126284875184,
        "ko": 0.0038179148311306903
    }
}
    },"req_rejection-reaso-933200680": {
        "type": "REQUEST",
        "name": "Rejection reason (citation 7)",
"path": "Rejection reason (citation 7)",
"pathFormatted": "req_rejection-reaso-933200680",
"stats": {
    "name": "Rejection reason (citation 7)",
    "numberOfRequests": {
        "total": 8170,
        "ok": 8158,
        "ko": 12
    },
    "minResponseTime": {
        "total": 21,
        "ok": 299,
        "ko": 21
    },
    "maxResponseTime": {
        "total": 46217,
        "ok": 46217,
        "ko": 2572
    },
    "meanResponseTime": {
        "total": 6033,
        "ok": 6040,
        "ko": 846
    },
    "standardDeviation": {
        "total": 8700,
        "ok": 8704,
        "ko": 964
    },
    "percentiles1": {
        "total": 2140,
        "ok": 2142,
        "ko": 453
    },
    "percentiles2": {
        "total": 4448,
        "ok": 4461,
        "ko": 1947
    },
    "percentiles3": {
        "total": 27549,
        "ok": 27558,
        "ko": 2572
    },
    "percentiles4": {
        "total": 33976,
        "ok": 33980,
        "ko": 2572
    },
    "group1": {
    "name": "t < 800 ms",
    "htmlName": "t < 800 ms",
    "count": 584,
    "percentage": 7.148102815177479
},
    "group2": {
    "name": "800 ms <= t < 1200 ms",
    "htmlName": "t >= 800 ms <br> t < 1200 ms",
    "count": 922,
    "percentage": 11.285189718482252
},
    "group3": {
    "name": "t >= 1200 ms",
    "htmlName": "t >= 1200 ms",
    "count": 6652,
    "percentage": 81.41982864137087
},
    "group4": {
    "name": "failed",
    "htmlName": "failed",
    "count": 12,
    "percentage": 0.14687882496940025
},
    "meanNumberOfRequestsPerSecond": {
        "total": 2.3994126284875184,
        "ok": 2.3958883994126285,
        "ko": 0.003524229074889868
    }
}
    },"req_cancel-vote--ci-1326826227": {
        "type": "REQUEST",
        "name": "Cancel vote (citation 7)",
"path": "Cancel vote (citation 7)",
"pathFormatted": "req_cancel-vote--ci-1326826227",
"stats": {
    "name": "Cancel vote (citation 7)",
    "numberOfRequests": {
        "total": 8158,
        "ok": 8142,
        "ko": 16
    },
    "minResponseTime": {
        "total": 37,
        "ok": 571,
        "ko": 37
    },
    "maxResponseTime": {
        "total": 60000,
        "ok": 55983,
        "ko": 60000
    },
    "meanResponseTime": {
        "total": 7387,
        "ok": 7393,
        "ko": 4522
    },
    "standardDeviation": {
        "total": 9968,
        "ok": 9957,
        "ko": 14351
    },
    "percentiles1": {
        "total": 2838,
        "ok": 2842,
        "ko": 649
    },
    "percentiles2": {
        "total": 6128,
        "ok": 6142,
        "ko": 1454
    },
    "percentiles3": {
        "total": 31005,
        "ok": 31002,
        "ko": 60000
    },
    "percentiles4": {
        "total": 41190,
        "ok": 41131,
        "ko": 60000
    },
    "group1": {
    "name": "t < 800 ms",
    "htmlName": "t < 800 ms",
    "count": 68,
    "percentage": 0.8335376317724933
},
    "group2": {
    "name": "800 ms <= t < 1200 ms",
    "htmlName": "t >= 800 ms <br> t < 1200 ms",
    "count": 438,
    "percentage": 5.368962981122824
},
    "group3": {
    "name": "t >= 1200 ms",
    "htmlName": "t >= 1200 ms",
    "count": 7636,
    "percentage": 93.60137288551115
},
    "group4": {
    "name": "failed",
    "htmlName": "failed",
    "count": 16,
    "percentage": 0.19612650159352782
},
    "meanNumberOfRequestsPerSecond": {
        "total": 2.3958883994126285,
        "ok": 2.391189427312775,
        "ko": 0.004698972099853157
    }
}
    },"req_reject-vote--ci-155050132": {
        "type": "REQUEST",
        "name": "Reject vote (citation # 8)",
"path": "Reject vote (citation # 8)",
"pathFormatted": "req_reject-vote--ci-155050132",
"stats": {
    "name": "Reject vote (citation # 8)",
    "numberOfRequests": {
        "total": 8142,
        "ok": 8131,
        "ko": 11
    },
    "minResponseTime": {
        "total": 21,
        "ok": 462,
        "ko": 21
    },
    "maxResponseTime": {
        "total": 60000,
        "ok": 47250,
        "ko": 60000
    },
    "meanResponseTime": {
        "total": 5793,
        "ok": 5785,
        "ko": 11511
    },
    "standardDeviation": {
        "total": 9245,
        "ok": 9211,
        "ko": 22866
    },
    "percentiles1": {
        "total": 1408,
        "ok": 1409,
        "ko": 714
    },
    "percentiles2": {
        "total": 4367,
        "ok": 4370,
        "ko": 1989
    },
    "percentiles3": {
        "total": 28853,
        "ok": 28815,
        "ko": 60000
    },
    "percentiles4": {
        "total": 35979,
        "ok": 35825,
        "ko": 60000
    },
    "group1": {
    "name": "t < 800 ms",
    "htmlName": "t < 800 ms",
    "count": 1925,
    "percentage": 23.642839597150576
},
    "group2": {
    "name": "800 ms <= t < 1200 ms",
    "htmlName": "t >= 800 ms <br> t < 1200 ms",
    "count": 1609,
    "percentage": 19.761729304839108
},
    "group3": {
    "name": "t >= 1200 ms",
    "htmlName": "t >= 1200 ms",
    "count": 4597,
    "percentage": 56.46032915745517
},
    "group4": {
    "name": "failed",
    "htmlName": "failed",
    "count": 11,
    "percentage": 0.13510194055514615
},
    "meanNumberOfRequestsPerSecond": {
        "total": 2.391189427312775,
        "ok": 2.387958883994126,
        "ko": 0.0032305433186490457
    }
}
    },"req_rejection-reaso-933200711": {
        "type": "REQUEST",
        "name": "Rejection reason (citation 8)",
"path": "Rejection reason (citation 8)",
"pathFormatted": "req_rejection-reaso-933200711",
"stats": {
    "name": "Rejection reason (citation 8)",
    "numberOfRequests": {
        "total": 8131,
        "ok": 8119,
        "ko": 12
    },
    "minResponseTime": {
        "total": 28,
        "ok": 298,
        "ko": 28
    },
    "maxResponseTime": {
        "total": 47492,
        "ok": 47492,
        "ko": 3596
    },
    "meanResponseTime": {
        "total": 5910,
        "ok": 5918,
        "ko": 872
    },
    "standardDeviation": {
        "total": 8490,
        "ok": 8494,
        "ko": 1162
    },
    "percentiles1": {
        "total": 2136,
        "ok": 2138,
        "ko": 312
    },
    "percentiles2": {
        "total": 4455,
        "ok": 4468,
        "ko": 1103
    },
    "percentiles3": {
        "total": 26681,
        "ok": 26688,
        "ko": 3596
    },
    "percentiles4": {
        "total": 33770,
        "ok": 33775,
        "ko": 3596
    },
    "group1": {
    "name": "t < 800 ms",
    "htmlName": "t < 800 ms",
    "count": 595,
    "percentage": 7.317673102939367
},
    "group2": {
    "name": "800 ms <= t < 1200 ms",
    "htmlName": "t >= 800 ms <br> t < 1200 ms",
    "count": 891,
    "percentage": 10.95806173902349
},
    "group3": {
    "name": "t >= 1200 ms",
    "htmlName": "t >= 1200 ms",
    "count": 6633,
    "percentage": 81.57668183495265
},
    "group4": {
    "name": "failed",
    "htmlName": "failed",
    "count": 12,
    "percentage": 0.14758332308449146
},
    "meanNumberOfRequestsPerSecond": {
        "total": 2.387958883994126,
        "ok": 2.3844346549192363,
        "ko": 0.003524229074889868
    }
}
    },"req_cancel-vote--ci-1326826258": {
        "type": "REQUEST",
        "name": "Cancel vote (citation 8)",
"path": "Cancel vote (citation 8)",
"pathFormatted": "req_cancel-vote--ci-1326826258",
"stats": {
    "name": "Cancel vote (citation 8)",
    "numberOfRequests": {
        "total": 8119,
        "ok": 8096,
        "ko": 23
    },
    "minResponseTime": {
        "total": 32,
        "ok": 542,
        "ko": 32
    },
    "maxResponseTime": {
        "total": 60000,
        "ok": 58589,
        "ko": 60000
    },
    "meanResponseTime": {
        "total": 7784,
        "ok": 7796,
        "ko": 3534
    },
    "standardDeviation": {
        "total": 10400,
        "ok": 10392,
        "ko": 12104
    },
    "percentiles1": {
        "total": 2911,
        "ok": 2916,
        "ko": 473
    },
    "percentiles2": {
        "total": 6559,
        "ok": 6585,
        "ko": 968
    },
    "percentiles3": {
        "total": 32071,
        "ok": 32042,
        "ko": 4154
    },
    "percentiles4": {
        "total": 42787,
        "ok": 42729,
        "ko": 60000
    },
    "group1": {
    "name": "t < 800 ms",
    "htmlName": "t < 800 ms",
    "count": 39,
    "percentage": 0.4803547234881143
},
    "group2": {
    "name": "800 ms <= t < 1200 ms",
    "htmlName": "t >= 800 ms <br> t < 1200 ms",
    "count": 374,
    "percentage": 4.606478630373199
},
    "group3": {
    "name": "t >= 1200 ms",
    "htmlName": "t >= 1200 ms",
    "count": 7683,
    "percentage": 94.62988052715852
},
    "group4": {
    "name": "failed",
    "htmlName": "failed",
    "count": 23,
    "percentage": 0.28328611898017
},
    "meanNumberOfRequestsPerSecond": {
        "total": 2.3844346549192363,
        "ok": 2.3776798825256975,
        "ko": 0.006754772393538913
    }
}
    },"req_go-to-user-prog-1344154810": {
        "type": "REQUEST",
        "name": "Go to user program page Redirect 1",
"path": "Go to user program page Redirect 1",
"pathFormatted": "req_go-to-user-prog-1344154810",
"stats": {
    "name": "Go to user program page Redirect 1",
    "numberOfRequests": {
        "total": 150,
        "ok": 0,
        "ko": 150
    },
    "minResponseTime": {
        "total": 169,
        "ok": 0,
        "ko": 169
    },
    "maxResponseTime": {
        "total": 14482,
        "ok": 0,
        "ko": 14482
    },
    "meanResponseTime": {
        "total": 1035,
        "ok": 0,
        "ko": 1035
    },
    "standardDeviation": {
        "total": 1938,
        "ok": 0,
        "ko": 1938
    },
    "percentiles1": {
        "total": 443,
        "ok": 0,
        "ko": 443
    },
    "percentiles2": {
        "total": 825,
        "ok": 0,
        "ko": 825
    },
    "percentiles3": {
        "total": 6107,
        "ok": 0,
        "ko": 6107
    },
    "percentiles4": {
        "total": 9112,
        "ok": 0,
        "ko": 9112
    },
    "group1": {
    "name": "t < 800 ms",
    "htmlName": "t < 800 ms",
    "count": 0,
    "percentage": 0.0
},
    "group2": {
    "name": "800 ms <= t < 1200 ms",
    "htmlName": "t >= 800 ms <br> t < 1200 ms",
    "count": 0,
    "percentage": 0.0
},
    "group3": {
    "name": "t >= 1200 ms",
    "htmlName": "t >= 1200 ms",
    "count": 0,
    "percentage": 0.0
},
    "group4": {
    "name": "failed",
    "htmlName": "failed",
    "count": 150,
    "percentage": 100.0
},
    "meanNumberOfRequestsPerSecond": {
        "total": 0.04405286343612335,
        "ok": 0,
        "ko": 0.04405286343612335
    }
}
    }
}

}