10173631,10173636,10184131,10184136,10184141,10184146,10184151,10184156,10184161,10184166
10173631,10173641,10184171,10184176,10184181,10184186,10184191,10184196,10184201,10184206
10173631,10173646,10184211,10184216,10184221,10184226,10184231,10184236,10184241,10184246
10173631,10173651,10184251,10184256,10184261,10184266,10184271,10184276,10184281,10184286
10173716,10173721,10184611,10184616,10184621,10184626,10184631,10184636,10184641,10184646
10173716,10173726,10184651,10184656,10184661,10184666,10184671,10184676,10184681,10184686
10173656,10173661,10184291,10184296,10184301,10184306,10184311,10184316,10184321,10184326
10173656,10173666,10184331,10184336,10184341,10184346,10184351,10184356,10184361,10184366
10173671,10173676,10184371,10184376,10184381,10184386,10184391,10184396,10184401,10184406
10173671,10173681,10184411,10184416,10184421,10184426,10184431,10184436,10184441,10184446
10173686,10173691,10184451,10184456,10184461,10184466,10184471,10184476,10184481,10184486
10173686,10173696,10184491,10184496,10184501,10184506,10184511,10184516,10184521,10184526
10173701,10173706,10184531,10184536,10184541,10184546,10184551,10184556,10184561,10184566
10173701,10173711,10184571,10184576,10184581,10184586,10184591,10184596,10184601,10184606
