{
    "name": "All Requests",
    "numberOfRequests": {
        "total": 221540,
        "ok": 220573,
        "ko": 967
    },
    "minResponseTime": {
        "total": 2,
        "ok": 2,
        "ko": 9
    },
    "maxResponseTime": {
        "total": 60000,
        "ok": 34062,
        "ko": 60000
    },
    "meanResponseTime": {
        "total": 4400,
        "ok": 4409,
        "ko": 2375
    },
    "standardDeviation": {
        "total": 2799,
        "ok": 2786,
        "ko": 4580
    },
    "percentiles1": {
        "total": 3892,
        "ok": 3903,
        "ko": 1553
    },
    "percentiles2": {
        "total": 5808,
        "ok": 5815,
        "ko": 2542
    },
    "percentiles3": {
        "total": 9611,
        "ok": 9642,
        "ko": 6864
    },
    "percentiles4": {
        "total": 13570,
        "ok": 13647,
        "ko": 9533
    },
    "group1": {
    "name": "t < 800 ms",
    "htmlName": "t < 800 ms",
    "count": 6008,
    "percentage": 2.7119256116276973
},
    "group2": {
    "name": "800 ms <= t < 1200 ms",
    "htmlName": "t >= 800 ms <br> t < 1200 ms",
    "count": 9522,
    "percentage": 4.298095152116999
},
    "group3": {
    "name": "t >= 1200 ms",
    "htmlName": "t >= 1200 ms",
    "count": 205043,
    "percentage": 92.55348921188047
},
    "group4": {
    "name": "failed",
    "htmlName": "failed",
    "count": 967,
    "percentage": 0.43649002437483075
},
    "meanNumberOfRequestsPerSecond": {
        "total": 81.68879056047197,
        "ok": 81.33222713864306,
        "ko": 0.35656342182890854
    }
}