{
  "type": "GROUP",
"name": "All Requests",
"path": "",
"pathFormatted": "group_missing-name--1146707516",
"stats": {
    "name": "All Requests",
    "numberOfRequests": {
        "total": 221540,
        "ok": 220573,
        "ko": 967
    },
    "minResponseTime": {
        "total": 2,
        "ok": 2,
        "ko": 9
    },
    "maxResponseTime": {
        "total": 60000,
        "ok": 34062,
        "ko": 60000
    },
    "meanResponseTime": {
        "total": 4400,
        "ok": 4409,
        "ko": 2375
    },
    "standardDeviation": {
        "total": 2799,
        "ok": 2786,
        "ko": 4580
    },
    "percentiles1": {
        "total": 3892,
        "ok": 3903,
        "ko": 1553
    },
    "percentiles2": {
        "total": 5808,
        "ok": 5815,
        "ko": 2542
    },
    "percentiles3": {
        "total": 9611,
        "ok": 9642,
        "ko": 6864
    },
    "percentiles4": {
        "total": 13570,
        "ok": 13647,
        "ko": 9533
    },
    "group1": {
    "name": "t < 800 ms",
    "htmlName": "t < 800 ms",
    "count": 6008,
    "percentage": 2.7119256116276973
},
    "group2": {
    "name": "800 ms <= t < 1200 ms",
    "htmlName": "t >= 800 ms <br> t < 1200 ms",
    "count": 9522,
    "percentage": 4.298095152116999
},
    "group3": {
    "name": "t >= 1200 ms",
    "htmlName": "t >= 1200 ms",
    "count": 205043,
    "percentage": 92.55348921188047
},
    "group4": {
    "name": "failed",
    "htmlName": "failed",
    "count": 967,
    "percentage": 0.43649002437483075
},
    "meanNumberOfRequestsPerSecond": {
        "total": 81.68879056047197,
        "ok": 81.33222713864306,
        "ko": 0.35656342182890854
    }
},
"contents": {
"req_go-to-login-pag-1537763987": {
        "type": "REQUEST",
        "name": "Go to login page",
"path": "Go to login page",
"pathFormatted": "req_go-to-login-pag-1537763987",
"stats": {
    "name": "Go to login page",
    "numberOfRequests": {
        "total": 1463,
        "ok": 1463,
        "ko": 0
    },
    "minResponseTime": {
        "total": 2,
        "ok": 2,
        "ko": 0
    },
    "maxResponseTime": {
        "total": 13,
        "ok": 13,
        "ko": 0
    },
    "meanResponseTime": {
        "total": 3,
        "ok": 3,
        "ko": 0
    },
    "standardDeviation": {
        "total": 1,
        "ok": 1,
        "ko": 0
    },
    "percentiles1": {
        "total": 3,
        "ok": 3,
        "ko": 0
    },
    "percentiles2": {
        "total": 4,
        "ok": 4,
        "ko": 0
    },
    "percentiles3": {
        "total": 4,
        "ok": 4,
        "ko": 0
    },
    "percentiles4": {
        "total": 8,
        "ok": 8,
        "ko": 0
    },
    "group1": {
    "name": "t < 800 ms",
    "htmlName": "t < 800 ms",
    "count": 1463,
    "percentage": 100.0
},
    "group2": {
    "name": "800 ms <= t < 1200 ms",
    "htmlName": "t >= 800 ms <br> t < 1200 ms",
    "count": 0,
    "percentage": 0.0
},
    "group3": {
    "name": "t >= 1200 ms",
    "htmlName": "t >= 1200 ms",
    "count": 0,
    "percentage": 0.0
},
    "group4": {
    "name": "failed",
    "htmlName": "failed",
    "count": 0,
    "percentage": 0.0
},
    "meanNumberOfRequestsPerSecond": {
        "total": 0.5394542772861357,
        "ok": 0.5394542772861357,
        "ko": 0
    }
}
    },"req_submit-credenti--2043499788": {
        "type": "REQUEST",
        "name": "submit credentials",
"path": "submit credentials",
"pathFormatted": "req_submit-credenti--2043499788",
"stats": {
    "name": "submit credentials",
    "numberOfRequests": {
        "total": 1463,
        "ok": 1267,
        "ko": 196
    },
    "minResponseTime": {
        "total": 117,
        "ok": 253,
        "ko": 117
    },
    "maxResponseTime": {
        "total": 12131,
        "ok": 12131,
        "ko": 7950
    },
    "meanResponseTime": {
        "total": 2315,
        "ok": 2351,
        "ko": 2084
    },
    "standardDeviation": {
        "total": 1928,
        "ok": 2020,
        "ko": 1150
    },
    "percentiles1": {
        "total": 1618,
        "ok": 1685,
        "ko": 1566
    },
    "percentiles2": {
        "total": 3070,
        "ok": 3248,
        "ko": 2158
    },
    "percentiles3": {
        "total": 6301,
        "ok": 6481,
        "ko": 4747
    },
    "percentiles4": {
        "total": 9084,
        "ok": 9357,
        "ko": 6830
    },
    "group1": {
    "name": "t < 800 ms",
    "htmlName": "t < 800 ms",
    "count": 340,
    "percentage": 23.239917976760083
},
    "group2": {
    "name": "800 ms <= t < 1200 ms",
    "htmlName": "t >= 800 ms <br> t < 1200 ms",
    "count": 142,
    "percentage": 9.706083390293916
},
    "group3": {
    "name": "t >= 1200 ms",
    "htmlName": "t >= 1200 ms",
    "count": 785,
    "percentage": 53.65686944634312
},
    "group4": {
    "name": "failed",
    "htmlName": "failed",
    "count": 196,
    "percentage": 13.397129186602871
},
    "meanNumberOfRequestsPerSecond": {
        "total": 0.5394542772861357,
        "ok": 0.4671828908554572,
        "ko": 0.07227138643067847
    }
}
    },"req_check-user-logg-946489478": {
        "type": "REQUEST",
        "name": "check user logged in",
"path": "check user logged in",
"pathFormatted": "req_check-user-logg-946489478",
"stats": {
    "name": "check user logged in",
    "numberOfRequests": {
        "total": 1267,
        "ok": 1194,
        "ko": 73
    },
    "minResponseTime": {
        "total": 483,
        "ok": 483,
        "ko": 1527
    },
    "maxResponseTime": {
        "total": 21893,
        "ok": 21893,
        "ko": 9676
    },
    "meanResponseTime": {
        "total": 3417,
        "ok": 3485,
        "ko": 2308
    },
    "standardDeviation": {
        "total": 2564,
        "ok": 2598,
        "ko": 1528
    },
    "percentiles1": {
        "total": 2667,
        "ok": 2804,
        "ko": 1562
    },
    "percentiles2": {
        "total": 4851,
        "ok": 4941,
        "ko": 2354
    },
    "percentiles3": {
        "total": 8071,
        "ok": 8303,
        "ko": 5467
    },
    "percentiles4": {
        "total": 11505,
        "ok": 11587,
        "ko": 9676
    },
    "group1": {
    "name": "t < 800 ms",
    "htmlName": "t < 800 ms",
    "count": 88,
    "percentage": 6.945540647198106
},
    "group2": {
    "name": "800 ms <= t < 1200 ms",
    "htmlName": "t >= 800 ms <br> t < 1200 ms",
    "count": 144,
    "percentage": 11.365430149960536
},
    "group3": {
    "name": "t >= 1200 ms",
    "htmlName": "t >= 1200 ms",
    "count": 962,
    "percentage": 75.92738752959748
},
    "group4": {
    "name": "failed",
    "htmlName": "failed",
    "count": 73,
    "percentage": 5.761641673243883
},
    "meanNumberOfRequestsPerSecond": {
        "total": 0.4671828908554572,
        "ok": 0.44026548672566373,
        "ko": 0.02691740412979351
    }
}
    },"req_go-to-user-prog--2104020333": {
        "type": "REQUEST",
        "name": "Go to user program page",
"path": "Go to user program page",
"pathFormatted": "req_go-to-user-prog--2104020333",
"stats": {
    "name": "Go to user program page",
    "numberOfRequests": {
        "total": 1194,
        "ok": 1152,
        "ko": 42
    },
    "minResponseTime": {
        "total": 1415,
        "ok": 1415,
        "ko": 1528
    },
    "maxResponseTime": {
        "total": 34062,
        "ok": 34062,
        "ko": 5016
    },
    "meanResponseTime": {
        "total": 8251,
        "ok": 8471,
        "ko": 2211
    },
    "standardDeviation": {
        "total": 4638,
        "ok": 4569,
        "ko": 1053
    },
    "percentiles1": {
        "total": 7583,
        "ok": 7802,
        "ko": 1595
    },
    "percentiles2": {
        "total": 10595,
        "ok": 10739,
        "ko": 2495
    },
    "percentiles3": {
        "total": 15736,
        "ok": 15838,
        "ko": 4342
    },
    "percentiles4": {
        "total": 28822,
        "ok": 28822,
        "ko": 5016
    },
    "group1": {
    "name": "t < 800 ms",
    "htmlName": "t < 800 ms",
    "count": 0,
    "percentage": 0.0
},
    "group2": {
    "name": "800 ms <= t < 1200 ms",
    "htmlName": "t >= 800 ms <br> t < 1200 ms",
    "count": 0,
    "percentage": 0.0
},
    "group3": {
    "name": "t >= 1200 ms",
    "htmlName": "t >= 1200 ms",
    "count": 1152,
    "percentage": 96.4824120603015
},
    "group4": {
    "name": "failed",
    "htmlName": "failed",
    "count": 42,
    "percentage": 3.5175879396984926
},
    "meanNumberOfRequestsPerSecond": {
        "total": 0.44026548672566373,
        "ok": 0.4247787610619469,
        "ko": 0.015486725663716814
    }
}
    },"req_go-to-breakout---1000037037": {
        "type": "REQUEST",
        "name": "Go to breakout page",
"path": "Go to breakout page",
"pathFormatted": "req_go-to-breakout---1000037037",
"stats": {
    "name": "Go to breakout page",
    "numberOfRequests": {
        "total": 10620,
        "ok": 10584,
        "ko": 36
    },
    "minResponseTime": {
        "total": 858,
        "ok": 858,
        "ko": 1526
    },
    "maxResponseTime": {
        "total": 27738,
        "ok": 27738,
        "ko": 9342
    },
    "meanResponseTime": {
        "total": 5130,
        "ok": 5138,
        "ko": 2777
    },
    "standardDeviation": {
        "total": 3138,
        "ok": 3139,
        "ko": 1873
    },
    "percentiles1": {
        "total": 4581,
        "ok": 4590,
        "ko": 1734
    },
    "percentiles2": {
        "total": 6655,
        "ok": 6661,
        "ko": 3363
    },
    "percentiles3": {
        "total": 11140,
        "ok": 11149,
        "ko": 7887
    },
    "percentiles4": {
        "total": 15412,
        "ok": 15420,
        "ko": 9342
    },
    "group1": {
    "name": "t < 800 ms",
    "htmlName": "t < 800 ms",
    "count": 0,
    "percentage": 0.0
},
    "group2": {
    "name": "800 ms <= t < 1200 ms",
    "htmlName": "t >= 800 ms <br> t < 1200 ms",
    "count": 106,
    "percentage": 0.9981167608286252
},
    "group3": {
    "name": "t >= 1200 ms",
    "htmlName": "t >= 1200 ms",
    "count": 10478,
    "percentage": 98.66290018832392
},
    "group4": {
    "name": "failed",
    "htmlName": "failed",
    "count": 36,
    "percentage": 0.3389830508474576
},
    "meanNumberOfRequestsPerSecond": {
        "total": 3.915929203539823,
        "ok": 3.9026548672566372,
        "ko": 0.01327433628318584
    }
}
    },"req_accept-vote--ci--768716124": {
        "type": "REQUEST",
        "name": "Accept vote (citation # 1)",
"path": "Accept vote (citation # 1)",
"pathFormatted": "req_accept-vote--ci--768716124",
"stats": {
    "name": "Accept vote (citation # 1)",
    "numberOfRequests": {
        "total": 10584,
        "ok": 10549,
        "ko": 35
    },
    "minResponseTime": {
        "total": 30,
        "ok": 487,
        "ko": 30
    },
    "maxResponseTime": {
        "total": 23353,
        "ok": 23353,
        "ko": 8145
    },
    "meanResponseTime": {
        "total": 4549,
        "ok": 4558,
        "ko": 1796
    },
    "standardDeviation": {
        "total": 2555,
        "ok": 2552,
        "ko": 1801
    },
    "percentiles1": {
        "total": 4102,
        "ok": 4111,
        "ko": 1535
    },
    "percentiles2": {
        "total": 5910,
        "ok": 5916,
        "ko": 2234
    },
    "percentiles3": {
        "total": 9332,
        "ok": 9339,
        "ko": 5493
    },
    "percentiles4": {
        "total": 12822,
        "ok": 12828,
        "ko": 8145
    },
    "group1": {
    "name": "t < 800 ms",
    "htmlName": "t < 800 ms",
    "count": 41,
    "percentage": 0.3873771730914588
},
    "group2": {
    "name": "800 ms <= t < 1200 ms",
    "htmlName": "t >= 800 ms <br> t < 1200 ms",
    "count": 226,
    "percentage": 2.1352985638699926
},
    "group3": {
    "name": "t >= 1200 ms",
    "htmlName": "t >= 1200 ms",
    "count": 10282,
    "percentage": 97.14663643235072
},
    "group4": {
    "name": "failed",
    "htmlName": "failed",
    "count": 35,
    "percentage": 0.3306878306878307
},
    "meanNumberOfRequestsPerSecond": {
        "total": 3.9026548672566372,
        "ok": 3.8897492625368733,
        "ko": 0.012905604719764012
    }
}
    },"req_cancel-vote--ci-1326826041": {
        "type": "REQUEST",
        "name": "Cancel vote (citation 1)",
"path": "Cancel vote (citation 1)",
"pathFormatted": "req_cancel-vote--ci-1326826041",
"stats": {
    "name": "Cancel vote (citation 1)",
    "numberOfRequests": {
        "total": 10549,
        "ok": 10501,
        "ko": 48
    },
    "minResponseTime": {
        "total": 28,
        "ok": 512,
        "ko": 28
    },
    "maxResponseTime": {
        "total": 27128,
        "ok": 27128,
        "ko": 8986
    },
    "meanResponseTime": {
        "total": 4674,
        "ok": 4686,
        "ko": 2120
    },
    "standardDeviation": {
        "total": 2705,
        "ok": 2701,
        "ko": 2147
    },
    "percentiles1": {
        "total": 4184,
        "ok": 4193,
        "ko": 1538
    },
    "percentiles2": {
        "total": 6020,
        "ok": 6029,
        "ko": 3670
    },
    "percentiles3": {
        "total": 9585,
        "ok": 9594,
        "ko": 7092
    },
    "percentiles4": {
        "total": 13719,
        "ok": 13730,
        "ko": 8986
    },
    "group1": {
    "name": "t < 800 ms",
    "htmlName": "t < 800 ms",
    "count": 29,
    "percentage": 0.27490757417764716
},
    "group2": {
    "name": "800 ms <= t < 1200 ms",
    "htmlName": "t >= 800 ms <br> t < 1200 ms",
    "count": 177,
    "percentage": 1.6778841596359846
},
    "group3": {
    "name": "t >= 1200 ms",
    "htmlName": "t >= 1200 ms",
    "count": 10295,
    "percentage": 97.59218883306474
},
    "group4": {
    "name": "failed",
    "htmlName": "failed",
    "count": 48,
    "percentage": 0.45501943312162296
},
    "meanNumberOfRequestsPerSecond": {
        "total": 3.8897492625368733,
        "ok": 3.8720501474926254,
        "ko": 0.017699115044247787
    }
}
    },"req_accept-vote--ci--768716093": {
        "type": "REQUEST",
        "name": "Accept vote (citation # 2)",
"path": "Accept vote (citation # 2)",
"pathFormatted": "req_accept-vote--ci--768716093",
"stats": {
    "name": "Accept vote (citation # 2)",
    "numberOfRequests": {
        "total": 10501,
        "ok": 10466,
        "ko": 35
    },
    "minResponseTime": {
        "total": 10,
        "ok": 460,
        "ko": 10
    },
    "maxResponseTime": {
        "total": 22527,
        "ok": 22527,
        "ko": 9533
    },
    "meanResponseTime": {
        "total": 4642,
        "ok": 4651,
        "ko": 1915
    },
    "standardDeviation": {
        "total": 2619,
        "ok": 2615,
        "ko": 2301
    },
    "percentiles1": {
        "total": 4152,
        "ok": 4160,
        "ko": 1538
    },
    "percentiles2": {
        "total": 6044,
        "ok": 6049,
        "ko": 1584
    },
    "percentiles3": {
        "total": 9680,
        "ok": 9687,
        "ko": 7510
    },
    "percentiles4": {
        "total": 13103,
        "ok": 13109,
        "ko": 9533
    },
    "group1": {
    "name": "t < 800 ms",
    "htmlName": "t < 800 ms",
    "count": 34,
    "percentage": 0.32377868774402435
},
    "group2": {
    "name": "800 ms <= t < 1200 ms",
    "htmlName": "t >= 800 ms <br> t < 1200 ms",
    "count": 189,
    "percentage": 1.7998285877535474
},
    "group3": {
    "name": "t >= 1200 ms",
    "htmlName": "t >= 1200 ms",
    "count": 10243,
    "percentage": 97.5430911341777
},
    "group4": {
    "name": "failed",
    "htmlName": "failed",
    "count": 35,
    "percentage": 0.333301590324731
},
    "meanNumberOfRequestsPerSecond": {
        "total": 3.8720501474926254,
        "ok": 3.8591445427728615,
        "ko": 0.012905604719764012
    }
}
    },"req_cancel-vote--ci-1326826072": {
        "type": "REQUEST",
        "name": "Cancel vote (citation 2)",
"path": "Cancel vote (citation 2)",
"pathFormatted": "req_cancel-vote--ci-1326826072",
"stats": {
    "name": "Cancel vote (citation 2)",
    "numberOfRequests": {
        "total": 10466,
        "ok": 10440,
        "ko": 26
    },
    "minResponseTime": {
        "total": 111,
        "ok": 515,
        "ko": 111
    },
    "maxResponseTime": {
        "total": 26278,
        "ok": 26278,
        "ko": 6513
    },
    "meanResponseTime": {
        "total": 4711,
        "ok": 4718,
        "ko": 1915
    },
    "standardDeviation": {
        "total": 2682,
        "ok": 2680,
        "ko": 1820
    },
    "percentiles1": {
        "total": 4217,
        "ok": 4222,
        "ko": 1547
    },
    "percentiles2": {
        "total": 6046,
        "ok": 6050,
        "ko": 3267
    },
    "percentiles3": {
        "total": 9741,
        "ok": 9747,
        "ko": 5028
    },
    "percentiles4": {
        "total": 13751,
        "ok": 13759,
        "ko": 6513
    },
    "group1": {
    "name": "t < 800 ms",
    "htmlName": "t < 800 ms",
    "count": 22,
    "percentage": 0.21020447162239633
},
    "group2": {
    "name": "800 ms <= t < 1200 ms",
    "htmlName": "t >= 800 ms <br> t < 1200 ms",
    "count": 168,
    "percentage": 1.6051977832982993
},
    "group3": {
    "name": "t >= 1200 ms",
    "htmlName": "t >= 1200 ms",
    "count": 10250,
    "percentage": 97.93617427861648
},
    "group4": {
    "name": "failed",
    "htmlName": "failed",
    "count": 26,
    "percentage": 0.24842346646283203
},
    "meanNumberOfRequestsPerSecond": {
        "total": 3.8591445427728615,
        "ok": 3.849557522123894,
        "ko": 0.009587020648967551
    }
}
    },"req_reject-vote--ci-155049977": {
        "type": "REQUEST",
        "name": "Reject vote (citation # 3)",
"path": "Reject vote (citation # 3)",
"pathFormatted": "req_reject-vote--ci-155049977",
"stats": {
    "name": "Reject vote (citation # 3)",
    "numberOfRequests": {
        "total": 10440,
        "ok": 10405,
        "ko": 35
    },
    "minResponseTime": {
        "total": 45,
        "ok": 485,
        "ko": 45
    },
    "maxResponseTime": {
        "total": 60000,
        "ok": 20061,
        "ko": 60000
    },
    "meanResponseTime": {
        "total": 3463,
        "ok": 3462,
        "ko": 3925
    },
    "standardDeviation": {
        "total": 2666,
        "ok": 2609,
        "ko": 9852
    },
    "percentiles1": {
        "total": 2863,
        "ok": 2866,
        "ko": 1542
    },
    "percentiles2": {
        "total": 4785,
        "ok": 4788,
        "ko": 3556
    },
    "percentiles3": {
        "total": 8529,
        "ok": 8533,
        "ko": 7712
    },
    "percentiles4": {
        "total": 12543,
        "ok": 12540,
        "ko": 60000
    },
    "group1": {
    "name": "t < 800 ms",
    "htmlName": "t < 800 ms",
    "count": 800,
    "percentage": 7.662835249042145
},
    "group2": {
    "name": "800 ms <= t < 1200 ms",
    "htmlName": "t >= 800 ms <br> t < 1200 ms",
    "count": 1385,
    "percentage": 13.266283524904216
},
    "group3": {
    "name": "t >= 1200 ms",
    "htmlName": "t >= 1200 ms",
    "count": 8220,
    "percentage": 78.73563218390804
},
    "group4": {
    "name": "failed",
    "htmlName": "failed",
    "count": 35,
    "percentage": 0.33524904214559387
},
    "meanNumberOfRequestsPerSecond": {
        "total": 3.849557522123894,
        "ok": 3.83665191740413,
        "ko": 0.012905604719764012
    }
}
    },"req_rejection-reaso-933200556": {
        "type": "REQUEST",
        "name": "Rejection reason (citation 3)",
"path": "Rejection reason (citation 3)",
"pathFormatted": "req_rejection-reaso-933200556",
"stats": {
    "name": "Rejection reason (citation 3)",
    "numberOfRequests": {
        "total": 10405,
        "ok": 10372,
        "ko": 33
    },
    "minResponseTime": {
        "total": 80,
        "ok": 344,
        "ko": 80
    },
    "maxResponseTime": {
        "total": 20422,
        "ok": 20422,
        "ko": 7214
    },
    "meanResponseTime": {
        "total": 3921,
        "ok": 3928,
        "ko": 1878
    },
    "standardDeviation": {
        "total": 2379,
        "ok": 2378,
        "ko": 1673
    },
    "percentiles1": {
        "total": 3422,
        "ok": 3428,
        "ko": 1539
    },
    "percentiles2": {
        "total": 5206,
        "ok": 5211,
        "ko": 2366
    },
    "percentiles3": {
        "total": 8410,
        "ok": 8417,
        "ko": 5397
    },
    "percentiles4": {
        "total": 11862,
        "ok": 11869,
        "ko": 7214
    },
    "group1": {
    "name": "t < 800 ms",
    "htmlName": "t < 800 ms",
    "count": 156,
    "percentage": 1.4992791926958193
},
    "group2": {
    "name": "800 ms <= t < 1200 ms",
    "htmlName": "t >= 800 ms <br> t < 1200 ms",
    "count": 489,
    "percentage": 4.699663623258049
},
    "group3": {
    "name": "t >= 1200 ms",
    "htmlName": "t >= 1200 ms",
    "count": 9727,
    "percentage": 93.48390197020663
},
    "group4": {
    "name": "failed",
    "htmlName": "failed",
    "count": 33,
    "percentage": 0.31715521383950024
},
    "meanNumberOfRequestsPerSecond": {
        "total": 3.83665191740413,
        "ok": 3.8244837758112094,
        "ko": 0.012168141592920354
    }
}
    },"req_cancel-vote--ci-1326826103": {
        "type": "REQUEST",
        "name": "Cancel vote (citation 3)",
"path": "Cancel vote (citation 3)",
"pathFormatted": "req_cancel-vote--ci-1326826103",
"stats": {
    "name": "Cancel vote (citation 3)",
    "numberOfRequests": {
        "total": 10372,
        "ok": 10341,
        "ko": 31
    },
    "minResponseTime": {
        "total": 9,
        "ok": 474,
        "ko": 9
    },
    "maxResponseTime": {
        "total": 26193,
        "ok": 26193,
        "ko": 8927
    },
    "meanResponseTime": {
        "total": 4759,
        "ok": 4766,
        "ko": 2185
    },
    "standardDeviation": {
        "total": 2762,
        "ok": 2759,
        "ko": 2427
    },
    "percentiles1": {
        "total": 4198,
        "ok": 4205,
        "ko": 1559
    },
    "percentiles2": {
        "total": 6078,
        "ok": 6081,
        "ko": 2830
    },
    "percentiles3": {
        "total": 9949,
        "ok": 9956,
        "ko": 8898
    },
    "percentiles4": {
        "total": 14483,
        "ok": 14494,
        "ko": 8927
    },
    "group1": {
    "name": "t < 800 ms",
    "htmlName": "t < 800 ms",
    "count": 17,
    "percentage": 0.16390281527188585
},
    "group2": {
    "name": "800 ms <= t < 1200 ms",
    "htmlName": "t >= 800 ms <br> t < 1200 ms",
    "count": 144,
    "percentage": 1.3883532587736214
},
    "group3": {
    "name": "t >= 1200 ms",
    "htmlName": "t >= 1200 ms",
    "count": 10180,
    "percentage": 98.14886232163516
},
    "group4": {
    "name": "failed",
    "htmlName": "failed",
    "count": 31,
    "percentage": 0.29888160431932126
},
    "meanNumberOfRequestsPerSecond": {
        "total": 3.8244837758112094,
        "ok": 3.813053097345133,
        "ko": 0.011430678466076696
    }
}
    },"req_reject-vote--ci-155050008": {
        "type": "REQUEST",
        "name": "Reject vote (citation # 4)",
"path": "Reject vote (citation # 4)",
"pathFormatted": "req_reject-vote--ci-155050008",
"stats": {
    "name": "Reject vote (citation # 4)",
    "numberOfRequests": {
        "total": 10341,
        "ok": 10308,
        "ko": 33
    },
    "minResponseTime": {
        "total": 23,
        "ok": 496,
        "ko": 23
    },
    "maxResponseTime": {
        "total": 20292,
        "ok": 20292,
        "ko": 8572
    },
    "meanResponseTime": {
        "total": 3396,
        "ok": 3402,
        "ko": 1728
    },
    "standardDeviation": {
        "total": 2524,
        "ok": 2523,
        "ko": 1996
    },
    "percentiles1": {
        "total": 2835,
        "ok": 2842,
        "ko": 1531
    },
    "percentiles2": {
        "total": 4691,
        "ok": 4695,
        "ko": 1601
    },
    "percentiles3": {
        "total": 8365,
        "ok": 8370,
        "ko": 6270
    },
    "percentiles4": {
        "total": 11807,
        "ok": 11813,
        "ko": 8572
    },
    "group1": {
    "name": "t < 800 ms",
    "htmlName": "t < 800 ms",
    "count": 771,
    "percentage": 7.455758630693357
},
    "group2": {
    "name": "800 ms <= t < 1200 ms",
    "htmlName": "t >= 800 ms <br> t < 1200 ms",
    "count": 1445,
    "percentage": 13.9735035296393
},
    "group3": {
    "name": "t >= 1200 ms",
    "htmlName": "t >= 1200 ms",
    "count": 8092,
    "percentage": 78.25161976598008
},
    "group4": {
    "name": "failed",
    "htmlName": "failed",
    "count": 33,
    "percentage": 0.3191180736872643
},
    "meanNumberOfRequestsPerSecond": {
        "total": 3.813053097345133,
        "ok": 3.8008849557522124,
        "ko": 0.012168141592920354
    }
}
    },"req_rejection-reaso-933200587": {
        "type": "REQUEST",
        "name": "Rejection reason (citation 4)",
"path": "Rejection reason (citation 4)",
"pathFormatted": "req_rejection-reaso-933200587",
"stats": {
    "name": "Rejection reason (citation 4)",
    "numberOfRequests": {
        "total": 10308,
        "ok": 10293,
        "ko": 15
    },
    "minResponseTime": {
        "total": 59,
        "ok": 306,
        "ko": 59
    },
    "maxResponseTime": {
        "total": 19758,
        "ok": 19758,
        "ko": 9390
    },
    "meanResponseTime": {
        "total": 3974,
        "ok": 3977,
        "ko": 2246
    },
    "standardDeviation": {
        "total": 2442,
        "ok": 2440,
        "ko": 3003
    },
    "percentiles1": {
        "total": 3418,
        "ok": 3421,
        "ko": 685
    },
    "percentiles2": {
        "total": 5245,
        "ok": 5246,
        "ko": 2559
    },
    "percentiles3": {
        "total": 8701,
        "ok": 8695,
        "ko": 9390
    },
    "percentiles4": {
        "total": 11958,
        "ok": 11960,
        "ko": 9390
    },
    "group1": {
    "name": "t < 800 ms",
    "htmlName": "t < 800 ms",
    "count": 162,
    "percentage": 1.571594877764843
},
    "group2": {
    "name": "800 ms <= t < 1200 ms",
    "htmlName": "t >= 800 ms <br> t < 1200 ms",
    "count": 489,
    "percentage": 4.743888242142026
},
    "group3": {
    "name": "t >= 1200 ms",
    "htmlName": "t >= 1200 ms",
    "count": 9642,
    "percentage": 93.53899883585565
},
    "group4": {
    "name": "failed",
    "htmlName": "failed",
    "count": 15,
    "percentage": 0.14551804423748546
},
    "meanNumberOfRequestsPerSecond": {
        "total": 3.8008849557522124,
        "ok": 3.795353982300885,
        "ko": 0.0055309734513274336
    }
}
    },"req_cancel-vote--ci-1326826134": {
        "type": "REQUEST",
        "name": "Cancel vote (citation 4)",
"path": "Cancel vote (citation 4)",
"pathFormatted": "req_cancel-vote--ci-1326826134",
"stats": {
    "name": "Cancel vote (citation 4)",
    "numberOfRequests": {
        "total": 10293,
        "ok": 10265,
        "ko": 28
    },
    "minResponseTime": {
        "total": 10,
        "ok": 551,
        "ko": 10
    },
    "maxResponseTime": {
        "total": 27208,
        "ok": 27208,
        "ko": 9005
    },
    "meanResponseTime": {
        "total": 4850,
        "ok": 4859,
        "ko": 1739
    },
    "standardDeviation": {
        "total": 2773,
        "ok": 2770,
        "ko": 2067
    },
    "percentiles1": {
        "total": 4335,
        "ok": 4343,
        "ko": 1542
    },
    "percentiles2": {
        "total": 6196,
        "ok": 6200,
        "ko": 1743
    },
    "percentiles3": {
        "total": 9901,
        "ok": 9910,
        "ko": 7797
    },
    "percentiles4": {
        "total": 14509,
        "ok": 14516,
        "ko": 9005
    },
    "group1": {
    "name": "t < 800 ms",
    "htmlName": "t < 800 ms",
    "count": 15,
    "percentage": 0.1457301078402798
},
    "group2": {
    "name": "800 ms <= t < 1200 ms",
    "htmlName": "t >= 800 ms <br> t < 1200 ms",
    "count": 126,
    "percentage": 1.2241329058583503
},
    "group3": {
    "name": "t >= 1200 ms",
    "htmlName": "t >= 1200 ms",
    "count": 10124,
    "percentage": 98.35810745166617
},
    "group4": {
    "name": "failed",
    "htmlName": "failed",
    "count": 28,
    "percentage": 0.272029534635189
},
    "meanNumberOfRequestsPerSecond": {
        "total": 3.795353982300885,
        "ok": 3.785029498525074,
        "ko": 0.01032448377581121
    }
}
    },"req_accept-vote--ci--768716000": {
        "type": "REQUEST",
        "name": "Accept vote (citation # 5)",
"path": "Accept vote (citation # 5)",
"pathFormatted": "req_accept-vote--ci--768716000",
"stats": {
    "name": "Accept vote (citation # 5)",
    "numberOfRequests": {
        "total": 10265,
        "ok": 10234,
        "ko": 31
    },
    "minResponseTime": {
        "total": 19,
        "ok": 643,
        "ko": 19
    },
    "maxResponseTime": {
        "total": 23143,
        "ok": 23143,
        "ko": 9581
    },
    "meanResponseTime": {
        "total": 4836,
        "ok": 4844,
        "ko": 2291
    },
    "standardDeviation": {
        "total": 2669,
        "ok": 2665,
        "ko": 2762
    },
    "percentiles1": {
        "total": 4360,
        "ok": 4366,
        "ko": 1547
    },
    "percentiles2": {
        "total": 6209,
        "ok": 6213,
        "ko": 2546
    },
    "percentiles3": {
        "total": 9928,
        "ok": 9937,
        "ko": 9065
    },
    "percentiles4": {
        "total": 13662,
        "ok": 13669,
        "ko": 9581
    },
    "group1": {
    "name": "t < 800 ms",
    "htmlName": "t < 800 ms",
    "count": 12,
    "percentage": 0.11690209449585973
},
    "group2": {
    "name": "800 ms <= t < 1200 ms",
    "htmlName": "t >= 800 ms <br> t < 1200 ms",
    "count": 127,
    "percentage": 1.2372138334145153
},
    "group3": {
    "name": "t >= 1200 ms",
    "htmlName": "t >= 1200 ms",
    "count": 10095,
    "percentage": 98.34388699464198
},
    "group4": {
    "name": "failed",
    "htmlName": "failed",
    "count": 31,
    "percentage": 0.3019970774476376
},
    "meanNumberOfRequestsPerSecond": {
        "total": 3.785029498525074,
        "ok": 3.773598820058997,
        "ko": 0.011430678466076696
    }
}
    },"req_cancel-vote--ci-1326826165": {
        "type": "REQUEST",
        "name": "Cancel vote (citation 5)",
"path": "Cancel vote (citation 5)",
"pathFormatted": "req_cancel-vote--ci-1326826165",
"stats": {
    "name": "Cancel vote (citation 5)",
    "numberOfRequests": {
        "total": 10234,
        "ok": 10206,
        "ko": 28
    },
    "minResponseTime": {
        "total": 78,
        "ok": 588,
        "ko": 78
    },
    "maxResponseTime": {
        "total": 26631,
        "ok": 26631,
        "ko": 4813
    },
    "meanResponseTime": {
        "total": 4934,
        "ok": 4943,
        "ko": 1631
    },
    "standardDeviation": {
        "total": 2744,
        "ok": 2741,
        "ko": 1402
    },
    "percentiles1": {
        "total": 4435,
        "ok": 4442,
        "ko": 1533
    },
    "percentiles2": {
        "total": 6245,
        "ok": 6251,
        "ko": 2395
    },
    "percentiles3": {
        "total": 10047,
        "ok": 10054,
        "ko": 4809
    },
    "percentiles4": {
        "total": 14066,
        "ok": 14071,
        "ko": 4813
    },
    "group1": {
    "name": "t < 800 ms",
    "htmlName": "t < 800 ms",
    "count": 15,
    "percentage": 0.1465702560093805
},
    "group2": {
    "name": "800 ms <= t < 1200 ms",
    "htmlName": "t >= 800 ms <br> t < 1200 ms",
    "count": 95,
    "percentage": 0.9282782880594097
},
    "group3": {
    "name": "t >= 1200 ms",
    "htmlName": "t >= 1200 ms",
    "count": 10096,
    "percentage": 98.6515536447137
},
    "group4": {
    "name": "failed",
    "htmlName": "failed",
    "count": 28,
    "percentage": 0.27359781121751026
},
    "meanNumberOfRequestsPerSecond": {
        "total": 3.773598820058997,
        "ok": 3.7632743362831858,
        "ko": 0.01032448377581121
    }
}
    },"req_accept-vote--ci--768715969": {
        "type": "REQUEST",
        "name": "Accept vote (citation # 6)",
"path": "Accept vote (citation # 6)",
"pathFormatted": "req_accept-vote--ci--768715969",
"stats": {
    "name": "Accept vote (citation # 6)",
    "numberOfRequests": {
        "total": 10206,
        "ok": 10177,
        "ko": 29
    },
    "minResponseTime": {
        "total": 14,
        "ok": 681,
        "ko": 14
    },
    "maxResponseTime": {
        "total": 60000,
        "ok": 23228,
        "ko": 60000
    },
    "meanResponseTime": {
        "total": 5013,
        "ok": 5010,
        "ko": 6102
    },
    "standardDeviation": {
        "total": 2875,
        "ok": 2766,
        "ko": 14896
    },
    "percentiles1": {
        "total": 4522,
        "ok": 4528,
        "ko": 1540
    },
    "percentiles2": {
        "total": 6392,
        "ok": 6394,
        "ko": 2894
    },
    "percentiles3": {
        "total": 10454,
        "ok": 10450,
        "ko": 60000
    },
    "percentiles4": {
        "total": 14001,
        "ok": 13964,
        "ko": 60000
    },
    "group1": {
    "name": "t < 800 ms",
    "htmlName": "t < 800 ms",
    "count": 8,
    "percentage": 0.07838526357044875
},
    "group2": {
    "name": "800 ms <= t < 1200 ms",
    "htmlName": "t >= 800 ms <br> t < 1200 ms",
    "count": 100,
    "percentage": 0.9798157946306094
},
    "group3": {
    "name": "t >= 1200 ms",
    "htmlName": "t >= 1200 ms",
    "count": 10069,
    "percentage": 98.65765236135606
},
    "group4": {
    "name": "failed",
    "htmlName": "failed",
    "count": 29,
    "percentage": 0.2841465804428768
},
    "meanNumberOfRequestsPerSecond": {
        "total": 3.7632743362831858,
        "ok": 3.752581120943953,
        "ko": 0.010693215339233038
    }
}
    },"req_cancel-vote--ci-1326826196": {
        "type": "REQUEST",
        "name": "Cancel vote (citation 6)",
"path": "Cancel vote (citation 6)",
"pathFormatted": "req_cancel-vote--ci-1326826196",
"stats": {
    "name": "Cancel vote (citation 6)",
    "numberOfRequests": {
        "total": 10177,
        "ok": 10137,
        "ko": 40
    },
    "minResponseTime": {
        "total": 16,
        "ok": 613,
        "ko": 16
    },
    "maxResponseTime": {
        "total": 60000,
        "ok": 27714,
        "ko": 60000
    },
    "meanResponseTime": {
        "total": 5087,
        "ok": 5089,
        "ko": 4499
    },
    "standardDeviation": {
        "total": 2952,
        "ok": 2846,
        "ko": 12796
    },
    "percentiles1": {
        "total": 4576,
        "ok": 4586,
        "ko": 1550
    },
    "percentiles2": {
        "total": 6401,
        "ok": 6407,
        "ko": 2608
    },
    "percentiles3": {
        "total": 10282,
        "ok": 10282,
        "ko": 60000
    },
    "percentiles4": {
        "total": 14896,
        "ok": 14831,
        "ko": 60000
    },
    "group1": {
    "name": "t < 800 ms",
    "htmlName": "t < 800 ms",
    "count": 10,
    "percentage": 0.09826078412105729
},
    "group2": {
    "name": "800 ms <= t < 1200 ms",
    "htmlName": "t >= 800 ms <br> t < 1200 ms",
    "count": 86,
    "percentage": 0.8450427434410928
},
    "group3": {
    "name": "t >= 1200 ms",
    "htmlName": "t >= 1200 ms",
    "count": 10041,
    "percentage": 98.66365333595361
},
    "group4": {
    "name": "failed",
    "htmlName": "failed",
    "count": 40,
    "percentage": 0.39304313648422917
},
    "meanNumberOfRequestsPerSecond": {
        "total": 3.752581120943953,
        "ok": 3.7378318584070795,
        "ko": 0.014749262536873156
    }
}
    },"req_reject-vote--ci-155050101": {
        "type": "REQUEST",
        "name": "Reject vote (citation # 7)",
"path": "Reject vote (citation # 7)",
"pathFormatted": "req_reject-vote--ci-155050101",
"stats": {
    "name": "Reject vote (citation # 7)",
    "numberOfRequests": {
        "total": 10137,
        "ok": 10110,
        "ko": 27
    },
    "minResponseTime": {
        "total": 22,
        "ok": 470,
        "ko": 22
    },
    "maxResponseTime": {
        "total": 18428,
        "ok": 18428,
        "ko": 9646
    },
    "meanResponseTime": {
        "total": 3389,
        "ok": 3392,
        "ko": 1940
    },
    "standardDeviation": {
        "total": 2526,
        "ok": 2525,
        "ko": 2443
    },
    "percentiles1": {
        "total": 2865,
        "ok": 2867,
        "ko": 1531
    },
    "percentiles2": {
        "total": 4673,
        "ok": 4675,
        "ko": 1639
    },
    "percentiles3": {
        "total": 8463,
        "ok": 8465,
        "ko": 7912
    },
    "percentiles4": {
        "total": 12058,
        "ok": 12064,
        "ko": 9646
    },
    "group1": {
    "name": "t < 800 ms",
    "htmlName": "t < 800 ms",
    "count": 822,
    "percentage": 8.108907960935188
},
    "group2": {
    "name": "800 ms <= t < 1200 ms",
    "htmlName": "t >= 800 ms <br> t < 1200 ms",
    "count": 1350,
    "percentage": 13.317549570878958
},
    "group3": {
    "name": "t >= 1200 ms",
    "htmlName": "t >= 1200 ms",
    "count": 7938,
    "percentage": 78.30719147676828
},
    "group4": {
    "name": "failed",
    "htmlName": "failed",
    "count": 27,
    "percentage": 0.2663509914175792
},
    "meanNumberOfRequestsPerSecond": {
        "total": 3.7378318584070795,
        "ok": 3.72787610619469,
        "ko": 0.00995575221238938
    }
}
    },"req_rejection-reaso-933200680": {
        "type": "REQUEST",
        "name": "Rejection reason (citation 7)",
"path": "Rejection reason (citation 7)",
"pathFormatted": "req_rejection-reaso-933200680",
"stats": {
    "name": "Rejection reason (citation 7)",
    "numberOfRequests": {
        "total": 10110,
        "ok": 10078,
        "ko": 32
    },
    "minResponseTime": {
        "total": 48,
        "ok": 288,
        "ko": 48
    },
    "maxResponseTime": {
        "total": 19487,
        "ok": 19487,
        "ko": 9813
    },
    "meanResponseTime": {
        "total": 3938,
        "ok": 3944,
        "ko": 2077
    },
    "standardDeviation": {
        "total": 2443,
        "ok": 2440,
        "ko": 2780
    },
    "percentiles1": {
        "total": 3405,
        "ok": 3412,
        "ko": 1528
    },
    "percentiles2": {
        "total": 5189,
        "ok": 5191,
        "ko": 2503
    },
    "percentiles3": {
        "total": 8638,
        "ok": 8634,
        "ko": 9260
    },
    "percentiles4": {
        "total": 12152,
        "ok": 12171,
        "ko": 9813
    },
    "group1": {
    "name": "t < 800 ms",
    "htmlName": "t < 800 ms",
    "count": 184,
    "percentage": 1.8199802176063304
},
    "group2": {
    "name": "800 ms <= t < 1200 ms",
    "htmlName": "t >= 800 ms <br> t < 1200 ms",
    "count": 496,
    "percentage": 4.906033630069238
},
    "group3": {
    "name": "t >= 1200 ms",
    "htmlName": "t >= 1200 ms",
    "count": 9398,
    "percentage": 92.95746785361028
},
    "group4": {
    "name": "failed",
    "htmlName": "failed",
    "count": 32,
    "percentage": 0.3165182987141444
},
    "meanNumberOfRequestsPerSecond": {
        "total": 3.72787610619469,
        "ok": 3.716076696165192,
        "ko": 0.011799410029498525
    }
}
    },"req_cancel-vote--ci-1326826227": {
        "type": "REQUEST",
        "name": "Cancel vote (citation 7)",
"path": "Cancel vote (citation 7)",
"pathFormatted": "req_cancel-vote--ci-1326826227",
"stats": {
    "name": "Cancel vote (citation 7)",
    "numberOfRequests": {
        "total": 10078,
        "ok": 10051,
        "ko": 27
    },
    "minResponseTime": {
        "total": 35,
        "ok": 661,
        "ko": 35
    },
    "maxResponseTime": {
        "total": 25940,
        "ok": 25940,
        "ko": 9416
    },
    "meanResponseTime": {
        "total": 5117,
        "ok": 5124,
        "ko": 2619
    },
    "standardDeviation": {
        "total": 2839,
        "ok": 2836,
        "ko": 2744
    },
    "percentiles1": {
        "total": 4613,
        "ok": 4618,
        "ko": 1653
    },
    "percentiles2": {
        "total": 6518,
        "ok": 6522,
        "ko": 3552
    },
    "percentiles3": {
        "total": 10432,
        "ok": 10441,
        "ko": 9066
    },
    "percentiles4": {
        "total": 14640,
        "ok": 14647,
        "ko": 9416
    },
    "group1": {
    "name": "t < 800 ms",
    "htmlName": "t < 800 ms",
    "count": 16,
    "percentage": 0.15876165905933717
},
    "group2": {
    "name": "800 ms <= t < 1200 ms",
    "htmlName": "t >= 800 ms <br> t < 1200 ms",
    "count": 94,
    "percentage": 0.932724746973606
},
    "group3": {
    "name": "t >= 1200 ms",
    "htmlName": "t >= 1200 ms",
    "count": 9941,
    "percentage": 98.64060329430443
},
    "group4": {
    "name": "failed",
    "htmlName": "failed",
    "count": 27,
    "percentage": 0.26791029966263147
},
    "meanNumberOfRequestsPerSecond": {
        "total": 3.716076696165192,
        "ok": 3.7061209439528024,
        "ko": 0.00995575221238938
    }
}
    },"req_reject-vote--ci-155050132": {
        "type": "REQUEST",
        "name": "Reject vote (citation # 8)",
"path": "Reject vote (citation # 8)",
"pathFormatted": "req_reject-vote--ci-155050132",
"stats": {
    "name": "Reject vote (citation # 8)",
    "numberOfRequests": {
        "total": 10051,
        "ok": 10025,
        "ko": 26
    },
    "minResponseTime": {
        "total": 163,
        "ok": 474,
        "ko": 163
    },
    "maxResponseTime": {
        "total": 20827,
        "ok": 20827,
        "ko": 8355
    },
    "meanResponseTime": {
        "total": 3389,
        "ok": 3392,
        "ko": 2511
    },
    "standardDeviation": {
        "total": 2511,
        "ok": 2511,
        "ko": 2328
    },
    "percentiles1": {
        "total": 2909,
        "ok": 2912,
        "ko": 1556
    },
    "percentiles2": {
        "total": 4667,
        "ok": 4668,
        "ko": 4555
    },
    "percentiles3": {
        "total": 8229,
        "ok": 8232,
        "ko": 7365
    },
    "percentiles4": {
        "total": 12130,
        "ok": 12134,
        "ko": 8355
    },
    "group1": {
    "name": "t < 800 ms",
    "htmlName": "t < 800 ms",
    "count": 811,
    "percentage": 8.068848870759128
},
    "group2": {
    "name": "800 ms <= t < 1200 ms",
    "htmlName": "t >= 800 ms <br> t < 1200 ms",
    "count": 1368,
    "percentage": 13.610586011342155
},
    "group3": {
    "name": "t >= 1200 ms",
    "htmlName": "t >= 1200 ms",
    "count": 7846,
    "percentage": 78.06188438961298
},
    "group4": {
    "name": "failed",
    "htmlName": "failed",
    "count": 26,
    "percentage": 0.25868072828574273
},
    "meanNumberOfRequestsPerSecond": {
        "total": 3.7061209439528024,
        "ok": 3.696533923303835,
        "ko": 0.009587020648967551
    }
}
    },"req_rejection-reaso-933200711": {
        "type": "REQUEST",
        "name": "Rejection reason (citation 8)",
"path": "Rejection reason (citation 8)",
"pathFormatted": "req_rejection-reaso-933200711",
"stats": {
    "name": "Rejection reason (citation 8)",
    "numberOfRequests": {
        "total": 10025,
        "ok": 9991,
        "ko": 34
    },
    "minResponseTime": {
        "total": 17,
        "ok": 351,
        "ko": 17
    },
    "maxResponseTime": {
        "total": 20444,
        "ok": 20444,
        "ko": 6380
    },
    "meanResponseTime": {
        "total": 3967,
        "ok": 3975,
        "ko": 1787
    },
    "standardDeviation": {
        "total": 2478,
        "ok": 2477,
        "ko": 1768
    },
    "percentiles1": {
        "total": 3454,
        "ok": 3459,
        "ko": 1540
    },
    "percentiles2": {
        "total": 5250,
        "ok": 5255,
        "ko": 2865
    },
    "percentiles3": {
        "total": 8706,
        "ok": 8715,
        "ko": 5447
    },
    "percentiles4": {
        "total": 12199,
        "ok": 12208,
        "ko": 6380
    },
    "group1": {
    "name": "t < 800 ms",
    "htmlName": "t < 800 ms",
    "count": 187,
    "percentage": 1.8653366583541147
},
    "group2": {
    "name": "800 ms <= t < 1200 ms",
    "htmlName": "t >= 800 ms <br> t < 1200 ms",
    "count": 502,
    "percentage": 5.007481296758105
},
    "group3": {
    "name": "t >= 1200 ms",
    "htmlName": "t >= 1200 ms",
    "count": 9302,
    "percentage": 92.78802992518703
},
    "group4": {
    "name": "failed",
    "htmlName": "failed",
    "count": 34,
    "percentage": 0.3391521197007481
},
    "meanNumberOfRequestsPerSecond": {
        "total": 3.696533923303835,
        "ok": 3.6839970501474926,
        "ko": 0.012536873156342183
    }
}
    },"req_cancel-vote--ci-1326826258": {
        "type": "REQUEST",
        "name": "Cancel vote (citation 8)",
"path": "Cancel vote (citation 8)",
"pathFormatted": "req_cancel-vote--ci-1326826258",
"stats": {
    "name": "Cancel vote (citation 8)",
    "numberOfRequests": {
        "total": 9991,
        "ok": 9964,
        "ko": 27
    },
    "minResponseTime": {
        "total": 12,
        "ok": 626,
        "ko": 12
    },
    "maxResponseTime": {
        "total": 29374,
        "ok": 29374,
        "ko": 7617
    },
    "meanResponseTime": {
        "total": 5222,
        "ok": 5231,
        "ko": 1830
    },
    "standardDeviation": {
        "total": 2937,
        "ok": 2934,
        "ko": 1721
    },
    "percentiles1": {
        "total": 4717,
        "ok": 4726,
        "ko": 1551
    },
    "percentiles2": {
        "total": 6623,
        "ok": 6628,
        "ko": 3244
    },
    "percentiles3": {
        "total": 10799,
        "ok": 10806,
        "ko": 4428
    },
    "percentiles4": {
        "total": 15157,
        "ok": 15167,
        "ko": 7617
    },
    "group1": {
    "name": "t < 800 ms",
    "htmlName": "t < 800 ms",
    "count": 5,
    "percentage": 0.050045040536482836
},
    "group2": {
    "name": "800 ms <= t < 1200 ms",
    "htmlName": "t >= 800 ms <br> t < 1200 ms",
    "count": 74,
    "percentage": 0.740666599939946
},
    "group3": {
    "name": "t >= 1200 ms",
    "htmlName": "t >= 1200 ms",
    "count": 9885,
    "percentage": 98.93904514062658
},
    "group4": {
    "name": "failed",
    "htmlName": "failed",
    "count": 27,
    "percentage": 0.2702432188970073
},
    "meanNumberOfRequestsPerSecond": {
        "total": 3.6839970501474926,
        "ok": 3.674041297935103,
        "ko": 0.00995575221238938
    }
}
    }
}

}