{
    "name": "All Requests",
    "numberOfRequests": {
        "total": 215338,
        "ok": 215088,
        "ko": 250
    },
    "minResponseTime": {
        "total": 2,
        "ok": 2,
        "ko": 15
    },
    "maxResponseTime": {
        "total": 30395,
        "ok": 30395,
        "ko": 3407
    },
    "meanResponseTime": {
        "total": 4588,
        "ok": 4593,
        "ko": 441
    },
    "standardDeviation": {
        "total": 3270,
        "ok": 3269,
        "ko": 505
    },
    "percentiles1": {
        "total": 3654,
        "ok": 3659,
        "ko": 248
    },
    "percentiles2": {
        "total": 6032,
        "ok": 6037,
        "ko": 577
    },
    "percentiles3": {
        "total": 11055,
        "ok": 11074,
        "ko": 1491
    },
    "percentiles4": {
        "total": 16252,
        "ok": 16273,
        "ko": 2210
    },
    "group1": {
    "name": "t < 800 ms",
    "htmlName": "t < 800 ms",
    "count": 3661,
    "percentage": 1.700117954100066
},
    "group2": {
    "name": "800 ms <= t < 1200 ms",
    "htmlName": "t >= 800 ms <br> t < 1200 ms",
    "count": 9452,
    "percentage": 4.389378558359416
},
    "group3": {
    "name": "t >= 1200 ms",
    "htmlName": "t >= 1200 ms",
    "count": 201975,
    "percentage": 93.7944069323575
},
    "group4": {
    "name": "failed",
    "htmlName": "failed",
    "count": 250,
    "percentage": 0.11609655518301462
},
    "meanNumberOfRequestsPerSecond": {
        "total": 74.56301939058172,
        "ok": 74.4764542936288,
        "ko": 0.0865650969529086
    }
}