{
  "type": "GROUP",
"name": "All Requests",
"path": "",
"pathFormatted": "group_missing-name--1146707516",
"stats": {
    "name": "All Requests",
    "numberOfRequests": {
        "total": 215338,
        "ok": 215088,
        "ko": 250
    },
    "minResponseTime": {
        "total": 2,
        "ok": 2,
        "ko": 15
    },
    "maxResponseTime": {
        "total": 30395,
        "ok": 30395,
        "ko": 3407
    },
    "meanResponseTime": {
        "total": 4588,
        "ok": 4593,
        "ko": 441
    },
    "standardDeviation": {
        "total": 3270,
        "ok": 3269,
        "ko": 505
    },
    "percentiles1": {
        "total": 3654,
        "ok": 3659,
        "ko": 248
    },
    "percentiles2": {
        "total": 6032,
        "ok": 6037,
        "ko": 577
    },
    "percentiles3": {
        "total": 11055,
        "ok": 11074,
        "ko": 1491
    },
    "percentiles4": {
        "total": 16252,
        "ok": 16273,
        "ko": 2210
    },
    "group1": {
    "name": "t < 800 ms",
    "htmlName": "t < 800 ms",
    "count": 3661,
    "percentage": 1.700117954100066
},
    "group2": {
    "name": "800 ms <= t < 1200 ms",
    "htmlName": "t >= 800 ms <br> t < 1200 ms",
    "count": 9452,
    "percentage": 4.389378558359416
},
    "group3": {
    "name": "t >= 1200 ms",
    "htmlName": "t >= 1200 ms",
    "count": 201975,
    "percentage": 93.7944069323575
},
    "group4": {
    "name": "failed",
    "htmlName": "failed",
    "count": 250,
    "percentage": 0.11609655518301462
},
    "meanNumberOfRequestsPerSecond": {
        "total": 74.56301939058172,
        "ok": 74.4764542936288,
        "ko": 0.0865650969529086
    }
},
"contents": {
"req_go-to-login-pag-1537763987": {
        "type": "REQUEST",
        "name": "Go to login page",
"path": "Go to login page",
"pathFormatted": "req_go-to-login-pag-1537763987",
"stats": {
    "name": "Go to login page",
    "numberOfRequests": {
        "total": 852,
        "ok": 852,
        "ko": 0
    },
    "minResponseTime": {
        "total": 2,
        "ok": 2,
        "ko": 0
    },
    "maxResponseTime": {
        "total": 1050,
        "ok": 1050,
        "ko": 0
    },
    "meanResponseTime": {
        "total": 5,
        "ok": 5,
        "ko": 0
    },
    "standardDeviation": {
        "total": 36,
        "ok": 36,
        "ko": 0
    },
    "percentiles1": {
        "total": 3,
        "ok": 3,
        "ko": 0
    },
    "percentiles2": {
        "total": 4,
        "ok": 4,
        "ko": 0
    },
    "percentiles3": {
        "total": 4,
        "ok": 4,
        "ko": 0
    },
    "percentiles4": {
        "total": 7,
        "ok": 7,
        "ko": 0
    },
    "group1": {
    "name": "t < 800 ms",
    "htmlName": "t < 800 ms",
    "count": 851,
    "percentage": 99.88262910798123
},
    "group2": {
    "name": "800 ms <= t < 1200 ms",
    "htmlName": "t >= 800 ms <br> t < 1200 ms",
    "count": 1,
    "percentage": 0.11737089201877934
},
    "group3": {
    "name": "t >= 1200 ms",
    "htmlName": "t >= 1200 ms",
    "count": 0,
    "percentage": 0.0
},
    "group4": {
    "name": "failed",
    "htmlName": "failed",
    "count": 0,
    "percentage": 0.0
},
    "meanNumberOfRequestsPerSecond": {
        "total": 0.2950138504155125,
        "ok": 0.2950138504155125,
        "ko": 0
    }
}
    },"req_submit-credenti--2043499788": {
        "type": "REQUEST",
        "name": "submit credentials",
"path": "submit credentials",
"pathFormatted": "req_submit-credenti--2043499788",
"stats": {
    "name": "submit credentials",
    "numberOfRequests": {
        "total": 852,
        "ok": 849,
        "ko": 3
    },
    "minResponseTime": {
        "total": 176,
        "ok": 276,
        "ko": 176
    },
    "maxResponseTime": {
        "total": 17111,
        "ok": 17111,
        "ko": 1078
    },
    "meanResponseTime": {
        "total": 2443,
        "ok": 2450,
        "ko": 554
    },
    "standardDeviation": {
        "total": 2588,
        "ok": 2590,
        "ko": 383
    },
    "percentiles1": {
        "total": 1295,
        "ok": 1303,
        "ko": 407
    },
    "percentiles2": {
        "total": 3471,
        "ok": 3478,
        "ko": 1078
    },
    "percentiles3": {
        "total": 7672,
        "ok": 7675,
        "ko": 1078
    },
    "percentiles4": {
        "total": 11776,
        "ok": 11776,
        "ko": 1078
    },
    "group1": {
    "name": "t < 800 ms",
    "htmlName": "t < 800 ms",
    "count": 304,
    "percentage": 35.68075117370892
},
    "group2": {
    "name": "800 ms <= t < 1200 ms",
    "htmlName": "t >= 800 ms <br> t < 1200 ms",
    "count": 102,
    "percentage": 11.971830985915492
},
    "group3": {
    "name": "t >= 1200 ms",
    "htmlName": "t >= 1200 ms",
    "count": 443,
    "percentage": 51.99530516431925
},
    "group4": {
    "name": "failed",
    "htmlName": "failed",
    "count": 3,
    "percentage": 0.35211267605633806
},
    "meanNumberOfRequestsPerSecond": {
        "total": 0.2950138504155125,
        "ok": 0.29397506925207756,
        "ko": 0.001038781163434903
    }
}
    },"req_check-user-logg-946489478": {
        "type": "REQUEST",
        "name": "check user logged in",
"path": "check user logged in",
"pathFormatted": "req_check-user-logg-946489478",
"stats": {
    "name": "check user logged in",
    "numberOfRequests": {
        "total": 849,
        "ok": 849,
        "ko": 0
    },
    "minResponseTime": {
        "total": 533,
        "ok": 533,
        "ko": 0
    },
    "maxResponseTime": {
        "total": 17172,
        "ok": 17172,
        "ko": 0
    },
    "meanResponseTime": {
        "total": 3170,
        "ok": 3170,
        "ko": 0
    },
    "standardDeviation": {
        "total": 2834,
        "ok": 2834,
        "ko": 0
    },
    "percentiles1": {
        "total": 2189,
        "ok": 2189,
        "ko": 0
    },
    "percentiles2": {
        "total": 4278,
        "ok": 4278,
        "ko": 0
    },
    "percentiles3": {
        "total": 9034,
        "ok": 8926,
        "ko": 0
    },
    "percentiles4": {
        "total": 13231,
        "ok": 13231,
        "ko": 0
    },
    "group1": {
    "name": "t < 800 ms",
    "htmlName": "t < 800 ms",
    "count": 89,
    "percentage": 10.482921083627797
},
    "group2": {
    "name": "800 ms <= t < 1200 ms",
    "htmlName": "t >= 800 ms <br> t < 1200 ms",
    "count": 159,
    "percentage": 18.727915194346288
},
    "group3": {
    "name": "t >= 1200 ms",
    "htmlName": "t >= 1200 ms",
    "count": 601,
    "percentage": 70.78916372202592
},
    "group4": {
    "name": "failed",
    "htmlName": "failed",
    "count": 0,
    "percentage": 0.0
},
    "meanNumberOfRequestsPerSecond": {
        "total": 0.29397506925207756,
        "ok": 0.29397506925207756,
        "ko": 0
    }
}
    },"req_go-to-user-prog--2104020333": {
        "type": "REQUEST",
        "name": "Go to user program page",
"path": "Go to user program page",
"pathFormatted": "req_go-to-user-prog--2104020333",
"stats": {
    "name": "Go to user program page",
    "numberOfRequests": {
        "total": 849,
        "ok": 849,
        "ko": 0
    },
    "minResponseTime": {
        "total": 1044,
        "ok": 1044,
        "ko": 0
    },
    "maxResponseTime": {
        "total": 22372,
        "ok": 22372,
        "ko": 0
    },
    "meanResponseTime": {
        "total": 5754,
        "ok": 5754,
        "ko": 0
    },
    "standardDeviation": {
        "total": 3623,
        "ok": 3623,
        "ko": 0
    },
    "percentiles1": {
        "total": 4857,
        "ok": 4857,
        "ko": 0
    },
    "percentiles2": {
        "total": 7290,
        "ok": 7290,
        "ko": 0
    },
    "percentiles3": {
        "total": 12929,
        "ok": 12929,
        "ko": 0
    },
    "percentiles4": {
        "total": 18915,
        "ok": 18915,
        "ko": 0
    },
    "group1": {
    "name": "t < 800 ms",
    "htmlName": "t < 800 ms",
    "count": 0,
    "percentage": 0.0
},
    "group2": {
    "name": "800 ms <= t < 1200 ms",
    "htmlName": "t >= 800 ms <br> t < 1200 ms",
    "count": 3,
    "percentage": 0.35335689045936397
},
    "group3": {
    "name": "t >= 1200 ms",
    "htmlName": "t >= 1200 ms",
    "count": 846,
    "percentage": 99.64664310954063
},
    "group4": {
    "name": "failed",
    "htmlName": "failed",
    "count": 0,
    "percentage": 0.0
},
    "meanNumberOfRequestsPerSecond": {
        "total": 0.29397506925207756,
        "ok": 0.29397506925207756,
        "ko": 0
    }
}
    },"req_go-to-breakout---1000037037": {
        "type": "REQUEST",
        "name": "Go to breakout page",
"path": "Go to breakout page",
"pathFormatted": "req_go-to-breakout---1000037037",
"stats": {
    "name": "Go to breakout page",
    "numberOfRequests": {
        "total": 10209,
        "ok": 10209,
        "ko": 0
    },
    "minResponseTime": {
        "total": 970,
        "ok": 970,
        "ko": 0
    },
    "maxResponseTime": {
        "total": 30395,
        "ok": 30395,
        "ko": 0
    },
    "meanResponseTime": {
        "total": 5511,
        "ok": 5511,
        "ko": 0
    },
    "standardDeviation": {
        "total": 3803,
        "ok": 3803,
        "ko": 0
    },
    "percentiles1": {
        "total": 4543,
        "ok": 4543,
        "ko": 0
    },
    "percentiles2": {
        "total": 7203,
        "ok": 7203,
        "ko": 0
    },
    "percentiles3": {
        "total": 13018,
        "ok": 13018,
        "ko": 0
    },
    "percentiles4": {
        "total": 18818,
        "ok": 18818,
        "ko": 0
    },
    "group1": {
    "name": "t < 800 ms",
    "htmlName": "t < 800 ms",
    "count": 0,
    "percentage": 0.0
},
    "group2": {
    "name": "800 ms <= t < 1200 ms",
    "htmlName": "t >= 800 ms <br> t < 1200 ms",
    "count": 45,
    "percentage": 0.44078754040552454
},
    "group3": {
    "name": "t >= 1200 ms",
    "htmlName": "t >= 1200 ms",
    "count": 10164,
    "percentage": 99.55921245959448
},
    "group4": {
    "name": "failed",
    "htmlName": "failed",
    "count": 0,
    "percentage": 0.0
},
    "meanNumberOfRequestsPerSecond": {
        "total": 3.534972299168975,
        "ok": 3.534972299168975,
        "ko": 0
    }
}
    },"req_accept-vote--ci--768716124": {
        "type": "REQUEST",
        "name": "Accept vote (citation # 1)",
"path": "Accept vote (citation # 1)",
"pathFormatted": "req_accept-vote--ci--768716124",
"stats": {
    "name": "Accept vote (citation # 1)",
    "numberOfRequests": {
        "total": 10209,
        "ok": 10195,
        "ko": 14
    },
    "minResponseTime": {
        "total": 36,
        "ok": 456,
        "ko": 36
    },
    "maxResponseTime": {
        "total": 21876,
        "ok": 21876,
        "ko": 1625
    },
    "meanResponseTime": {
        "total": 4550,
        "ok": 4556,
        "ko": 500
    },
    "standardDeviation": {
        "total": 2960,
        "ok": 2958,
        "ko": 472
    },
    "percentiles1": {
        "total": 3681,
        "ok": 3686,
        "ko": 272
    },
    "percentiles2": {
        "total": 5894,
        "ok": 5898,
        "ko": 958
    },
    "percentiles3": {
        "total": 10463,
        "ok": 10463,
        "ko": 1625
    },
    "percentiles4": {
        "total": 14629,
        "ok": 14666,
        "ko": 1625
    },
    "group1": {
    "name": "t < 800 ms",
    "htmlName": "t < 800 ms",
    "count": 36,
    "percentage": 0.35263003232441964
},
    "group2": {
    "name": "800 ms <= t < 1200 ms",
    "htmlName": "t >= 800 ms <br> t < 1200 ms",
    "count": 230,
    "percentage": 2.2529140954060143
},
    "group3": {
    "name": "t >= 1200 ms",
    "htmlName": "t >= 1200 ms",
    "count": 9929,
    "percentage": 97.25732197081007
},
    "group4": {
    "name": "failed",
    "htmlName": "failed",
    "count": 14,
    "percentage": 0.13713390145949653
},
    "meanNumberOfRequestsPerSecond": {
        "total": 3.534972299168975,
        "ok": 3.530124653739612,
        "ko": 0.004847645429362881
    }
}
    },"req_cancel-vote--ci-1326826041": {
        "type": "REQUEST",
        "name": "Cancel vote (citation 1)",
"path": "Cancel vote (citation 1)",
"pathFormatted": "req_cancel-vote--ci-1326826041",
"stats": {
    "name": "Cancel vote (citation 1)",
    "numberOfRequests": {
        "total": 10195,
        "ok": 10184,
        "ko": 11
    },
    "minResponseTime": {
        "total": 15,
        "ok": 553,
        "ko": 15
    },
    "maxResponseTime": {
        "total": 23108,
        "ok": 23108,
        "ko": 923
    },
    "meanResponseTime": {
        "total": 4673,
        "ok": 4677,
        "ko": 276
    },
    "standardDeviation": {
        "total": 3180,
        "ok": 3179,
        "ko": 278
    },
    "percentiles1": {
        "total": 3695,
        "ok": 3699,
        "ko": 175
    },
    "percentiles2": {
        "total": 5990,
        "ok": 5993,
        "ko": 407
    },
    "percentiles3": {
        "total": 10827,
        "ok": 10830,
        "ko": 923
    },
    "percentiles4": {
        "total": 16585,
        "ok": 16589,
        "ko": 923
    },
    "group1": {
    "name": "t < 800 ms",
    "htmlName": "t < 800 ms",
    "count": 26,
    "percentage": 0.25502697400686614
},
    "group2": {
    "name": "800 ms <= t < 1200 ms",
    "htmlName": "t >= 800 ms <br> t < 1200 ms",
    "count": 223,
    "percentage": 2.187346738597352
},
    "group3": {
    "name": "t >= 1200 ms",
    "htmlName": "t >= 1200 ms",
    "count": 9935,
    "percentage": 97.44973025993134
},
    "group4": {
    "name": "failed",
    "htmlName": "failed",
    "count": 11,
    "percentage": 0.10789602746444336
},
    "meanNumberOfRequestsPerSecond": {
        "total": 3.530124653739612,
        "ok": 3.526315789473684,
        "ko": 0.003808864265927978
    }
}
    },"req_accept-vote--ci--768716093": {
        "type": "REQUEST",
        "name": "Accept vote (citation # 2)",
"path": "Accept vote (citation # 2)",
"pathFormatted": "req_accept-vote--ci--768716093",
"stats": {
    "name": "Accept vote (citation # 2)",
    "numberOfRequests": {
        "total": 10184,
        "ok": 10170,
        "ko": 14
    },
    "minResponseTime": {
        "total": 46,
        "ok": 496,
        "ko": 46
    },
    "maxResponseTime": {
        "total": 23160,
        "ok": 23160,
        "ko": 3407
    },
    "meanResponseTime": {
        "total": 4686,
        "ok": 4691,
        "ko": 637
    },
    "standardDeviation": {
        "total": 3103,
        "ok": 3102,
        "ko": 914
    },
    "percentiles1": {
        "total": 3767,
        "ok": 3772,
        "ko": 335
    },
    "percentiles2": {
        "total": 6088,
        "ok": 6092,
        "ko": 589
    },
    "percentiles3": {
        "total": 11068,
        "ok": 11071,
        "ko": 3407
    },
    "percentiles4": {
        "total": 15404,
        "ok": 15407,
        "ko": 3407
    },
    "group1": {
    "name": "t < 800 ms",
    "htmlName": "t < 800 ms",
    "count": 12,
    "percentage": 0.1178318931657502
},
    "group2": {
    "name": "800 ms <= t < 1200 ms",
    "htmlName": "t >= 800 ms <br> t < 1200 ms",
    "count": 246,
    "percentage": 2.415553809897879
},
    "group3": {
    "name": "t >= 1200 ms",
    "htmlName": "t >= 1200 ms",
    "count": 9912,
    "percentage": 97.32914375490967
},
    "group4": {
    "name": "failed",
    "htmlName": "failed",
    "count": 14,
    "percentage": 0.13747054202670855
},
    "meanNumberOfRequestsPerSecond": {
        "total": 3.526315789473684,
        "ok": 3.5214681440443214,
        "ko": 0.004847645429362881
    }
}
    },"req_cancel-vote--ci-1326826072": {
        "type": "REQUEST",
        "name": "Cancel vote (citation 2)",
"path": "Cancel vote (citation 2)",
"pathFormatted": "req_cancel-vote--ci-1326826072",
"stats": {
    "name": "Cancel vote (citation 2)",
    "numberOfRequests": {
        "total": 10170,
        "ok": 10153,
        "ko": 17
    },
    "minResponseTime": {
        "total": 38,
        "ok": 623,
        "ko": 38
    },
    "maxResponseTime": {
        "total": 23631,
        "ok": 23631,
        "ko": 2274
    },
    "meanResponseTime": {
        "total": 4730,
        "ok": 4737,
        "ko": 553
    },
    "standardDeviation": {
        "total": 3217,
        "ok": 3215,
        "ko": 648
    },
    "percentiles1": {
        "total": 3791,
        "ok": 3798,
        "ko": 124
    },
    "percentiles2": {
        "total": 6050,
        "ok": 6055,
        "ko": 923
    },
    "percentiles3": {
        "total": 10997,
        "ok": 11002,
        "ko": 2274
    },
    "percentiles4": {
        "total": 16963,
        "ok": 16970,
        "ko": 2274
    },
    "group1": {
    "name": "t < 800 ms",
    "htmlName": "t < 800 ms",
    "count": 18,
    "percentage": 0.17699115044247787
},
    "group2": {
    "name": "800 ms <= t < 1200 ms",
    "htmlName": "t >= 800 ms <br> t < 1200 ms",
    "count": 201,
    "percentage": 1.9764011799410028
},
    "group3": {
    "name": "t >= 1200 ms",
    "htmlName": "t >= 1200 ms",
    "count": 9934,
    "percentage": 97.67944936086529
},
    "group4": {
    "name": "failed",
    "htmlName": "failed",
    "count": 17,
    "percentage": 0.16715830875122908
},
    "meanNumberOfRequestsPerSecond": {
        "total": 3.5214681440443214,
        "ok": 3.5155817174515236,
        "ko": 0.005886426592797784
    }
}
    },"req_reject-vote--ci-155049977": {
        "type": "REQUEST",
        "name": "Reject vote (citation # 3)",
"path": "Reject vote (citation # 3)",
"pathFormatted": "req_reject-vote--ci-155049977",
"stats": {
    "name": "Reject vote (citation # 3)",
    "numberOfRequests": {
        "total": 10153,
        "ok": 10147,
        "ko": 6
    },
    "minResponseTime": {
        "total": 102,
        "ok": 530,
        "ko": 102
    },
    "maxResponseTime": {
        "total": 21634,
        "ok": 21634,
        "ko": 402
    },
    "meanResponseTime": {
        "total": 3921,
        "ok": 3923,
        "ko": 267
    },
    "standardDeviation": {
        "total": 3201,
        "ok": 3201,
        "ko": 99
    },
    "percentiles1": {
        "total": 2963,
        "ok": 2965,
        "ko": 310
    },
    "percentiles2": {
        "total": 5351,
        "ok": 5353,
        "ko": 333
    },
    "percentiles3": {
        "total": 10434,
        "ok": 10435,
        "ko": 402
    },
    "percentiles4": {
        "total": 15179,
        "ok": 15180,
        "ko": 402
    },
    "group1": {
    "name": "t < 800 ms",
    "htmlName": "t < 800 ms",
    "count": 424,
    "percentage": 4.176105584556289
},
    "group2": {
    "name": "800 ms <= t < 1200 ms",
    "htmlName": "t >= 800 ms <br> t < 1200 ms",
    "count": 1336,
    "percentage": 13.15867231360189
},
    "group3": {
    "name": "t >= 1200 ms",
    "htmlName": "t >= 1200 ms",
    "count": 8387,
    "percentage": 82.6061262680981
},
    "group4": {
    "name": "failed",
    "htmlName": "failed",
    "count": 6,
    "percentage": 0.05909583374372107
},
    "meanNumberOfRequestsPerSecond": {
        "total": 3.5155817174515236,
        "ok": 3.5135041551246537,
        "ko": 0.002077562326869806
    }
}
    },"req_rejection-reaso-933200556": {
        "type": "REQUEST",
        "name": "Rejection reason (citation 3)",
"path": "Rejection reason (citation 3)",
"pathFormatted": "req_rejection-reaso-933200556",
"stats": {
    "name": "Rejection reason (citation 3)",
    "numberOfRequests": {
        "total": 10147,
        "ok": 10130,
        "ko": 17
    },
    "minResponseTime": {
        "total": 17,
        "ok": 339,
        "ko": 17
    },
    "maxResponseTime": {
        "total": 20550,
        "ok": 20550,
        "ko": 1241
    },
    "meanResponseTime": {
        "total": 4084,
        "ok": 4090,
        "ko": 242
    },
    "standardDeviation": {
        "total": 2853,
        "ok": 2851,
        "ko": 301
    },
    "percentiles1": {
        "total": 3180,
        "ok": 3186,
        "ko": 90
    },
    "percentiles2": {
        "total": 5395,
        "ok": 5400,
        "ko": 382
    },
    "percentiles3": {
        "total": 9972,
        "ok": 9977,
        "ko": 1241
    },
    "percentiles4": {
        "total": 14065,
        "ok": 14073,
        "ko": 1241
    },
    "group1": {
    "name": "t < 800 ms",
    "htmlName": "t < 800 ms",
    "count": 149,
    "percentage": 1.4684143096481719
},
    "group2": {
    "name": "800 ms <= t < 1200 ms",
    "htmlName": "t >= 800 ms <br> t < 1200 ms",
    "count": 498,
    "percentage": 4.907854538287179
},
    "group3": {
    "name": "t >= 1200 ms",
    "htmlName": "t >= 1200 ms",
    "count": 9483,
    "percentage": 93.45619394895043
},
    "group4": {
    "name": "failed",
    "htmlName": "failed",
    "count": 17,
    "percentage": 0.16753720311422096
},
    "meanNumberOfRequestsPerSecond": {
        "total": 3.5135041551246537,
        "ok": 3.507617728531856,
        "ko": 0.005886426592797784
    }
}
    },"req_cancel-vote--ci-1326826103": {
        "type": "REQUEST",
        "name": "Cancel vote (citation 3)",
"path": "Cancel vote (citation 3)",
"pathFormatted": "req_cancel-vote--ci-1326826103",
"stats": {
    "name": "Cancel vote (citation 3)",
    "numberOfRequests": {
        "total": 10130,
        "ok": 10119,
        "ko": 11
    },
    "minResponseTime": {
        "total": 31,
        "ok": 597,
        "ko": 31
    },
    "maxResponseTime": {
        "total": 24159,
        "ok": 24159,
        "ko": 995
    },
    "meanResponseTime": {
        "total": 4828,
        "ok": 4833,
        "ko": 360
    },
    "standardDeviation": {
        "total": 3294,
        "ok": 3293,
        "ko": 271
    },
    "percentiles1": {
        "total": 3875,
        "ok": 3879,
        "ko": 263
    },
    "percentiles2": {
        "total": 6146,
        "ok": 6150,
        "ko": 530
    },
    "percentiles3": {
        "total": 11217,
        "ok": 11220,
        "ko": 995
    },
    "percentiles4": {
        "total": 17470,
        "ok": 17474,
        "ko": 995
    },
    "group1": {
    "name": "t < 800 ms",
    "htmlName": "t < 800 ms",
    "count": 14,
    "percentage": 0.13820335636722605
},
    "group2": {
    "name": "800 ms <= t < 1200 ms",
    "htmlName": "t >= 800 ms <br> t < 1200 ms",
    "count": 197,
    "percentage": 1.9447186574531095
},
    "group3": {
    "name": "t >= 1200 ms",
    "htmlName": "t >= 1200 ms",
    "count": 9908,
    "percentage": 97.80848963474827
},
    "group4": {
    "name": "failed",
    "htmlName": "failed",
    "count": 11,
    "percentage": 0.10858835143139191
},
    "meanNumberOfRequestsPerSecond": {
        "total": 3.507617728531856,
        "ok": 3.503808864265928,
        "ko": 0.003808864265927978
    }
}
    },"req_reject-vote--ci-155050008": {
        "type": "REQUEST",
        "name": "Reject vote (citation # 4)",
"path": "Reject vote (citation # 4)",
"pathFormatted": "req_reject-vote--ci-155050008",
"stats": {
    "name": "Reject vote (citation # 4)",
    "numberOfRequests": {
        "total": 10119,
        "ok": 10104,
        "ko": 15
    },
    "minResponseTime": {
        "total": 23,
        "ok": 534,
        "ko": 23
    },
    "maxResponseTime": {
        "total": 21977,
        "ok": 21977,
        "ko": 1005
    },
    "meanResponseTime": {
        "total": 3937,
        "ok": 3943,
        "ko": 293
    },
    "standardDeviation": {
        "total": 3248,
        "ok": 3247,
        "ko": 269
    },
    "percentiles1": {
        "total": 2967,
        "ok": 2973,
        "ko": 179
    },
    "percentiles2": {
        "total": 5390,
        "ok": 5395,
        "ko": 443
    },
    "percentiles3": {
        "total": 10550,
        "ok": 10556,
        "ko": 1005
    },
    "percentiles4": {
        "total": 15462,
        "ok": 15467,
        "ko": 1005
    },
    "group1": {
    "name": "t < 800 ms",
    "htmlName": "t < 800 ms",
    "count": 392,
    "percentage": 3.8739005830615674
},
    "group2": {
    "name": "800 ms <= t < 1200 ms",
    "htmlName": "t >= 800 ms <br> t < 1200 ms",
    "count": 1347,
    "percentage": 13.311592054550845
},
    "group3": {
    "name": "t >= 1200 ms",
    "htmlName": "t >= 1200 ms",
    "count": 8365,
    "percentage": 82.6662713706888
},
    "group4": {
    "name": "failed",
    "htmlName": "failed",
    "count": 15,
    "percentage": 0.14823599169878449
},
    "meanNumberOfRequestsPerSecond": {
        "total": 3.503808864265928,
        "ok": 3.4986149584487536,
        "ko": 0.005193905817174515
    }
}
    },"req_rejection-reaso-933200587": {
        "type": "REQUEST",
        "name": "Rejection reason (citation 4)",
"path": "Rejection reason (citation 4)",
"pathFormatted": "req_rejection-reaso-933200587",
"stats": {
    "name": "Rejection reason (citation 4)",
    "numberOfRequests": {
        "total": 10104,
        "ok": 10089,
        "ko": 15
    },
    "minResponseTime": {
        "total": 39,
        "ok": 344,
        "ko": 39
    },
    "maxResponseTime": {
        "total": 21251,
        "ok": 21251,
        "ko": 1428
    },
    "meanResponseTime": {
        "total": 4093,
        "ok": 4098,
        "ko": 312
    },
    "standardDeviation": {
        "total": 2892,
        "ok": 2890,
        "ko": 337
    },
    "percentiles1": {
        "total": 3143,
        "ok": 3148,
        "ko": 172
    },
    "percentiles2": {
        "total": 5418,
        "ok": 5421,
        "ko": 422
    },
    "percentiles3": {
        "total": 9919,
        "ok": 9922,
        "ko": 1428
    },
    "percentiles4": {
        "total": 14203,
        "ok": 14206,
        "ko": 1428
    },
    "group1": {
    "name": "t < 800 ms",
    "htmlName": "t < 800 ms",
    "count": 144,
    "percentage": 1.4251781472684086
},
    "group2": {
    "name": "800 ms <= t < 1200 ms",
    "htmlName": "t >= 800 ms <br> t < 1200 ms",
    "count": 503,
    "percentage": 4.978226444972289
},
    "group3": {
    "name": "t >= 1200 ms",
    "htmlName": "t >= 1200 ms",
    "count": 9442,
    "percentage": 93.44813935075219
},
    "group4": {
    "name": "failed",
    "htmlName": "failed",
    "count": 15,
    "percentage": 0.14845605700712589
},
    "meanNumberOfRequestsPerSecond": {
        "total": 3.4986149584487536,
        "ok": 3.4934210526315788,
        "ko": 0.005193905817174515
    }
}
    },"req_cancel-vote--ci-1326826134": {
        "type": "REQUEST",
        "name": "Cancel vote (citation 4)",
"path": "Cancel vote (citation 4)",
"pathFormatted": "req_cancel-vote--ci-1326826134",
"stats": {
    "name": "Cancel vote (citation 4)",
    "numberOfRequests": {
        "total": 10089,
        "ok": 10075,
        "ko": 14
    },
    "minResponseTime": {
        "total": 19,
        "ok": 538,
        "ko": 19
    },
    "maxResponseTime": {
        "total": 23717,
        "ok": 23717,
        "ko": 940
    },
    "meanResponseTime": {
        "total": 4925,
        "ok": 4931,
        "ko": 323
    },
    "standardDeviation": {
        "total": 3305,
        "ok": 3302,
        "ko": 310
    },
    "percentiles1": {
        "total": 3924,
        "ok": 3929,
        "ko": 202
    },
    "percentiles2": {
        "total": 6321,
        "ok": 6325,
        "ko": 613
    },
    "percentiles3": {
        "total": 11412,
        "ok": 11416,
        "ko": 940
    },
    "percentiles4": {
        "total": 17011,
        "ok": 17017,
        "ko": 940
    },
    "group1": {
    "name": "t < 800 ms",
    "htmlName": "t < 800 ms",
    "count": 11,
    "percentage": 0.10902963623748638
},
    "group2": {
    "name": "800 ms <= t < 1200 ms",
    "htmlName": "t >= 800 ms <br> t < 1200 ms",
    "count": 154,
    "percentage": 1.5264149073248092
},
    "group3": {
    "name": "t >= 1200 ms",
    "htmlName": "t >= 1200 ms",
    "count": 9910,
    "percentage": 98.22579046486271
},
    "group4": {
    "name": "failed",
    "htmlName": "failed",
    "count": 14,
    "percentage": 0.13876499157498265
},
    "meanNumberOfRequestsPerSecond": {
        "total": 3.4934210526315788,
        "ok": 3.488573407202216,
        "ko": 0.004847645429362881
    }
}
    },"req_accept-vote--ci--768716000": {
        "type": "REQUEST",
        "name": "Accept vote (citation # 5)",
"path": "Accept vote (citation # 5)",
"pathFormatted": "req_accept-vote--ci--768716000",
"stats": {
    "name": "Accept vote (citation # 5)",
    "numberOfRequests": {
        "total": 10075,
        "ok": 10067,
        "ko": 8
    },
    "minResponseTime": {
        "total": 201,
        "ok": 624,
        "ko": 201
    },
    "maxResponseTime": {
        "total": 24315,
        "ok": 24315,
        "ko": 878
    },
    "meanResponseTime": {
        "total": 4976,
        "ok": 4980,
        "ko": 528
    },
    "standardDeviation": {
        "total": 3233,
        "ok": 3232,
        "ko": 204
    },
    "percentiles1": {
        "total": 4043,
        "ok": 4046,
        "ko": 587
    },
    "percentiles2": {
        "total": 6430,
        "ok": 6433,
        "ko": 657
    },
    "percentiles3": {
        "total": 11369,
        "ok": 11371,
        "ko": 878
    },
    "percentiles4": {
        "total": 16490,
        "ok": 16492,
        "ko": 878
    },
    "group1": {
    "name": "t < 800 ms",
    "htmlName": "t < 800 ms",
    "count": 6,
    "percentage": 0.05955334987593052
},
    "group2": {
    "name": "800 ms <= t < 1200 ms",
    "htmlName": "t >= 800 ms <br> t < 1200 ms",
    "count": 150,
    "percentage": 1.488833746898263
},
    "group3": {
    "name": "t >= 1200 ms",
    "htmlName": "t >= 1200 ms",
    "count": 9911,
    "percentage": 98.37220843672456
},
    "group4": {
    "name": "failed",
    "htmlName": "failed",
    "count": 8,
    "percentage": 0.0794044665012407
},
    "meanNumberOfRequestsPerSecond": {
        "total": 3.488573407202216,
        "ok": 3.485803324099723,
        "ko": 0.002770083102493075
    }
}
    },"req_cancel-vote--ci-1326826165": {
        "type": "REQUEST",
        "name": "Cancel vote (citation 5)",
"path": "Cancel vote (citation 5)",
"pathFormatted": "req_cancel-vote--ci-1326826165",
"stats": {
    "name": "Cancel vote (citation 5)",
    "numberOfRequests": {
        "total": 10067,
        "ok": 10050,
        "ko": 17
    },
    "minResponseTime": {
        "total": 21,
        "ok": 608,
        "ko": 21
    },
    "maxResponseTime": {
        "total": 24266,
        "ok": 24266,
        "ko": 1453
    },
    "meanResponseTime": {
        "total": 5066,
        "ok": 5074,
        "ko": 328
    },
    "standardDeviation": {
        "total": 3352,
        "ok": 3349,
        "ko": 396
    },
    "percentiles1": {
        "total": 4091,
        "ok": 4098,
        "ko": 169
    },
    "percentiles2": {
        "total": 6509,
        "ok": 6514,
        "ko": 322
    },
    "percentiles3": {
        "total": 11563,
        "ok": 11569,
        "ko": 1453
    },
    "percentiles4": {
        "total": 17535,
        "ok": 17538,
        "ko": 1453
    },
    "group1": {
    "name": "t < 800 ms",
    "htmlName": "t < 800 ms",
    "count": 13,
    "percentage": 0.12913479686103108
},
    "group2": {
    "name": "800 ms <= t < 1200 ms",
    "htmlName": "t >= 800 ms <br> t < 1200 ms",
    "count": 114,
    "percentage": 1.1324128340121187
},
    "group3": {
    "name": "t >= 1200 ms",
    "htmlName": "t >= 1200 ms",
    "count": 9923,
    "percentage": 98.56958378861627
},
    "group4": {
    "name": "failed",
    "htmlName": "failed",
    "count": 17,
    "percentage": 0.16886858051057912
},
    "meanNumberOfRequestsPerSecond": {
        "total": 3.485803324099723,
        "ok": 3.479916897506925,
        "ko": 0.005886426592797784
    }
}
    },"req_accept-vote--ci--768715969": {
        "type": "REQUEST",
        "name": "Accept vote (citation # 6)",
"path": "Accept vote (citation # 6)",
"pathFormatted": "req_accept-vote--ci--768715969",
"stats": {
    "name": "Accept vote (citation # 6)",
    "numberOfRequests": {
        "total": 10050,
        "ok": 10042,
        "ko": 8
    },
    "minResponseTime": {
        "total": 19,
        "ok": 724,
        "ko": 19
    },
    "maxResponseTime": {
        "total": 23526,
        "ok": 23526,
        "ko": 1491
    },
    "meanResponseTime": {
        "total": 5099,
        "ok": 5103,
        "ko": 446
    },
    "standardDeviation": {
        "total": 3252,
        "ok": 3250,
        "ko": 432
    },
    "percentiles1": {
        "total": 4139,
        "ok": 4142,
        "ko": 393
    },
    "percentiles2": {
        "total": 6609,
        "ok": 6612,
        "ko": 648
    },
    "percentiles3": {
        "total": 11703,
        "ok": 11706,
        "ko": 1491
    },
    "percentiles4": {
        "total": 16326,
        "ok": 16327,
        "ko": 1491
    },
    "group1": {
    "name": "t < 800 ms",
    "htmlName": "t < 800 ms",
    "count": 3,
    "percentage": 0.029850746268656716
},
    "group2": {
    "name": "800 ms <= t < 1200 ms",
    "htmlName": "t >= 800 ms <br> t < 1200 ms",
    "count": 87,
    "percentage": 0.8656716417910447
},
    "group3": {
    "name": "t >= 1200 ms",
    "htmlName": "t >= 1200 ms",
    "count": 9952,
    "percentage": 99.02487562189054
},
    "group4": {
    "name": "failed",
    "htmlName": "failed",
    "count": 8,
    "percentage": 0.07960199004975124
},
    "meanNumberOfRequestsPerSecond": {
        "total": 3.479916897506925,
        "ok": 3.477146814404432,
        "ko": 0.002770083102493075
    }
}
    },"req_cancel-vote--ci-1326826196": {
        "type": "REQUEST",
        "name": "Cancel vote (citation 6)",
"path": "Cancel vote (citation 6)",
"pathFormatted": "req_cancel-vote--ci-1326826196",
"stats": {
    "name": "Cancel vote (citation 6)",
    "numberOfRequests": {
        "total": 10042,
        "ok": 10027,
        "ko": 15
    },
    "minResponseTime": {
        "total": 44,
        "ok": 625,
        "ko": 44
    },
    "maxResponseTime": {
        "total": 24169,
        "ok": 24169,
        "ko": 2210
    },
    "meanResponseTime": {
        "total": 5191,
        "ok": 5198,
        "ko": 565
    },
    "standardDeviation": {
        "total": 3452,
        "ok": 3450,
        "ko": 730
    },
    "percentiles1": {
        "total": 4167,
        "ok": 4173,
        "ko": 266
    },
    "percentiles2": {
        "total": 6611,
        "ok": 6616,
        "ko": 517
    },
    "percentiles3": {
        "total": 11891,
        "ok": 11895,
        "ko": 2210
    },
    "percentiles4": {
        "total": 18586,
        "ok": 18589,
        "ko": 2210
    },
    "group1": {
    "name": "t < 800 ms",
    "htmlName": "t < 800 ms",
    "count": 6,
    "percentage": 0.059749053973312094
},
    "group2": {
    "name": "800 ms <= t < 1200 ms",
    "htmlName": "t >= 800 ms <br> t < 1200 ms",
    "count": 100,
    "percentage": 0.9958175662218682
},
    "group3": {
    "name": "t >= 1200 ms",
    "htmlName": "t >= 1200 ms",
    "count": 9921,
    "percentage": 98.79506074487155
},
    "group4": {
    "name": "failed",
    "htmlName": "failed",
    "count": 15,
    "percentage": 0.1493726349332802
},
    "meanNumberOfRequestsPerSecond": {
        "total": 3.477146814404432,
        "ok": 3.471952908587258,
        "ko": 0.005193905817174515
    }
}
    },"req_reject-vote--ci-155050101": {
        "type": "REQUEST",
        "name": "Reject vote (citation # 7)",
"path": "Reject vote (citation # 7)",
"pathFormatted": "req_reject-vote--ci-155050101",
"stats": {
    "name": "Reject vote (citation # 7)",
    "numberOfRequests": {
        "total": 10027,
        "ok": 10018,
        "ko": 9
    },
    "minResponseTime": {
        "total": 33,
        "ok": 516,
        "ko": 33
    },
    "maxResponseTime": {
        "total": 21922,
        "ok": 21922,
        "ko": 1747
    },
    "meanResponseTime": {
        "total": 3958,
        "ok": 3961,
        "ko": 577
    },
    "standardDeviation": {
        "total": 3204,
        "ok": 3204,
        "ko": 593
    },
    "percentiles1": {
        "total": 3052,
        "ok": 3056,
        "ko": 445
    },
    "percentiles2": {
        "total": 5333,
        "ok": 5336,
        "ko": 636
    },
    "percentiles3": {
        "total": 10550,
        "ok": 10569,
        "ko": 1747
    },
    "percentiles4": {
        "total": 15071,
        "ok": 15070,
        "ko": 1747
    },
    "group1": {
    "name": "t < 800 ms",
    "htmlName": "t < 800 ms",
    "count": 419,
    "percentage": 4.1787174628503045
},
    "group2": {
    "name": "800 ms <= t < 1200 ms",
    "htmlName": "t >= 800 ms <br> t < 1200 ms",
    "count": 1290,
    "percentage": 12.865263787773012
},
    "group3": {
    "name": "t >= 1200 ms",
    "htmlName": "t >= 1200 ms",
    "count": 8309,
    "percentage": 82.86626109504338
},
    "group4": {
    "name": "failed",
    "htmlName": "failed",
    "count": 9,
    "percentage": 0.08975765433330009
},
    "meanNumberOfRequestsPerSecond": {
        "total": 3.471952908587258,
        "ok": 3.468836565096953,
        "ko": 0.0031163434903047093
    }
}
    },"req_rejection-reaso-933200680": {
        "type": "REQUEST",
        "name": "Rejection reason (citation 7)",
"path": "Rejection reason (citation 7)",
"pathFormatted": "req_rejection-reaso-933200680",
"stats": {
    "name": "Rejection reason (citation 7)",
    "numberOfRequests": {
        "total": 10018,
        "ok": 10004,
        "ko": 14
    },
    "minResponseTime": {
        "total": 17,
        "ok": 394,
        "ko": 17
    },
    "maxResponseTime": {
        "total": 20699,
        "ok": 20699,
        "ko": 1106
    },
    "meanResponseTime": {
        "total": 4076,
        "ok": 4082,
        "ko": 414
    },
    "standardDeviation": {
        "total": 2907,
        "ok": 2906,
        "ko": 402
    },
    "percentiles1": {
        "total": 3120,
        "ok": 3125,
        "ko": 259
    },
    "percentiles2": {
        "total": 5344,
        "ok": 5348,
        "ko": 822
    },
    "percentiles3": {
        "total": 10011,
        "ok": 10015,
        "ko": 1106
    },
    "percentiles4": {
        "total": 14286,
        "ok": 14289,
        "ko": 1106
    },
    "group1": {
    "name": "t < 800 ms",
    "htmlName": "t < 800 ms",
    "count": 160,
    "percentage": 1.597125174685566
},
    "group2": {
    "name": "800 ms <= t < 1200 ms",
    "htmlName": "t >= 800 ms <br> t < 1200 ms",
    "count": 524,
    "percentage": 5.230584947095228
},
    "group3": {
    "name": "t >= 1200 ms",
    "htmlName": "t >= 1200 ms",
    "count": 9320,
    "percentage": 93.03254142543422
},
    "group4": {
    "name": "failed",
    "htmlName": "failed",
    "count": 14,
    "percentage": 0.13974845278498702
},
    "meanNumberOfRequestsPerSecond": {
        "total": 3.468836565096953,
        "ok": 3.46398891966759,
        "ko": 0.004847645429362881
    }
}
    },"req_cancel-vote--ci-1326826227": {
        "type": "REQUEST",
        "name": "Cancel vote (citation 7)",
"path": "Cancel vote (citation 7)",
"pathFormatted": "req_cancel-vote--ci-1326826227",
"stats": {
    "name": "Cancel vote (citation 7)",
    "numberOfRequests": {
        "total": 10004,
        "ok": 9996,
        "ko": 8
    },
    "minResponseTime": {
        "total": 77,
        "ok": 675,
        "ko": 77
    },
    "maxResponseTime": {
        "total": 24016,
        "ok": 24016,
        "ko": 962
    },
    "meanResponseTime": {
        "total": 5219,
        "ok": 5222,
        "ko": 353
    },
    "standardDeviation": {
        "total": 3419,
        "ok": 3417,
        "ko": 298
    },
    "percentiles1": {
        "total": 4247,
        "ok": 4250,
        "ko": 348
    },
    "percentiles2": {
        "total": 6676,
        "ok": 6678,
        "ko": 644
    },
    "percentiles3": {
        "total": 11808,
        "ok": 11811,
        "ko": 962
    },
    "percentiles4": {
        "total": 18382,
        "ok": 18385,
        "ko": 962
    },
    "group1": {
    "name": "t < 800 ms",
    "htmlName": "t < 800 ms",
    "count": 5,
    "percentage": 0.04998000799680128
},
    "group2": {
    "name": "800 ms <= t < 1200 ms",
    "htmlName": "t >= 800 ms <br> t < 1200 ms",
    "count": 74,
    "percentage": 0.7397041183526589
},
    "group3": {
    "name": "t >= 1200 ms",
    "htmlName": "t >= 1200 ms",
    "count": 9917,
    "percentage": 99.13034786085566
},
    "group4": {
    "name": "failed",
    "htmlName": "failed",
    "count": 8,
    "percentage": 0.07996801279488205
},
    "meanNumberOfRequestsPerSecond": {
        "total": 3.46398891966759,
        "ok": 3.461218836565097,
        "ko": 0.002770083102493075
    }
}
    },"req_reject-vote--ci-155050132": {
        "type": "REQUEST",
        "name": "Reject vote (citation # 8)",
"path": "Reject vote (citation # 8)",
"pathFormatted": "req_reject-vote--ci-155050132",
"stats": {
    "name": "Reject vote (citation # 8)",
    "numberOfRequests": {
        "total": 9996,
        "ok": 9977,
        "ko": 19
    },
    "minResponseTime": {
        "total": 24,
        "ok": 524,
        "ko": 24
    },
    "maxResponseTime": {
        "total": 21529,
        "ok": 21529,
        "ko": 2143
    },
    "meanResponseTime": {
        "total": 3962,
        "ok": 3968,
        "ko": 726
    },
    "standardDeviation": {
        "total": 3237,
        "ok": 3237,
        "ko": 554
    },
    "percentiles1": {
        "total": 2999,
        "ok": 3007,
        "ko": 611
    },
    "percentiles2": {
        "total": 5426,
        "ok": 5432,
        "ko": 1119
    },
    "percentiles3": {
        "total": 10654,
        "ok": 10672,
        "ko": 2143
    },
    "percentiles4": {
        "total": 15412,
        "ok": 15416,
        "ko": 2143
    },
    "group1": {
    "name": "t < 800 ms",
    "htmlName": "t < 800 ms",
    "count": 411,
    "percentage": 4.111644657863145
},
    "group2": {
    "name": "800 ms <= t < 1200 ms",
    "htmlName": "t >= 800 ms <br> t < 1200 ms",
    "count": 1280,
    "percentage": 12.805122048819529
},
    "group3": {
    "name": "t >= 1200 ms",
    "htmlName": "t >= 1200 ms",
    "count": 8286,
    "percentage": 82.89315726290516
},
    "group4": {
    "name": "failed",
    "htmlName": "failed",
    "count": 19,
    "percentage": 0.19007603041216486
},
    "meanNumberOfRequestsPerSecond": {
        "total": 3.461218836565097,
        "ok": 3.454639889196676,
        "ko": 0.006578947368421052
    }
}
    },"req_rejection-reaso-933200711": {
        "type": "REQUEST",
        "name": "Rejection reason (citation 8)",
"path": "Rejection reason (citation 8)",
"pathFormatted": "req_rejection-reaso-933200711",
"stats": {
    "name": "Rejection reason (citation 8)",
    "numberOfRequests": {
        "total": 9977,
        "ok": 9971,
        "ko": 6
    },
    "minResponseTime": {
        "total": 68,
        "ok": 326,
        "ko": 68
    },
    "maxResponseTime": {
        "total": 21030,
        "ok": 21030,
        "ko": 1535
    },
    "meanResponseTime": {
        "total": 4130,
        "ok": 4132,
        "ko": 616
    },
    "standardDeviation": {
        "total": 2934,
        "ok": 2934,
        "ko": 628
    },
    "percentiles1": {
        "total": 3206,
        "ok": 3208,
        "ko": 473
    },
    "percentiles2": {
        "total": 5354,
        "ok": 5356,
        "ko": 1427
    },
    "percentiles3": {
        "total": 10155,
        "ok": 10156,
        "ko": 1535
    },
    "percentiles4": {
        "total": 14338,
        "ok": 14339,
        "ko": 1535
    },
    "group1": {
    "name": "t < 800 ms",
    "htmlName": "t < 800 ms",
    "count": 165,
    "percentage": 1.6538037486218304
},
    "group2": {
    "name": "800 ms <= t < 1200 ms",
    "htmlName": "t >= 800 ms <br> t < 1200 ms",
    "count": 519,
    "percentage": 5.201964518392303
},
    "group3": {
    "name": "t >= 1200 ms",
    "htmlName": "t >= 1200 ms",
    "count": 9287,
    "percentage": 93.08409341485417
},
    "group4": {
    "name": "failed",
    "htmlName": "failed",
    "count": 6,
    "percentage": 0.060138318131702916
},
    "meanNumberOfRequestsPerSecond": {
        "total": 3.454639889196676,
        "ok": 3.4525623268698062,
        "ko": 0.002077562326869806
    }
}
    },"req_cancel-vote--ci-1326826258": {
        "type": "REQUEST",
        "name": "Cancel vote (citation 8)",
"path": "Cancel vote (citation 8)",
"pathFormatted": "req_cancel-vote--ci-1326826258",
"stats": {
    "name": "Cancel vote (citation 8)",
    "numberOfRequests": {
        "total": 9971,
        "ok": 9962,
        "ko": 9
    },
    "minResponseTime": {
        "total": 49,
        "ok": 692,
        "ko": 49
    },
    "maxResponseTime": {
        "total": 24975,
        "ok": 24975,
        "ko": 1572
    },
    "meanResponseTime": {
        "total": 5319,
        "ok": 5323,
        "ko": 418
    },
    "standardDeviation": {
        "total": 3415,
        "ok": 3414,
        "ko": 458
    },
    "percentiles1": {
        "total": 4380,
        "ok": 4383,
        "ko": 339
    },
    "percentiles2": {
        "total": 6791,
        "ok": 6793,
        "ko": 592
    },
    "percentiles3": {
        "total": 11816,
        "ok": 11818,
        "ko": 1572
    },
    "percentiles4": {
        "total": 18122,
        "ok": 18125,
        "ko": 1572
    },
    "group1": {
    "name": "t < 800 ms",
    "htmlName": "t < 800 ms",
    "count": 3,
    "percentage": 0.03008725303379801
},
    "group2": {
    "name": "800 ms <= t < 1200 ms",
    "htmlName": "t >= 800 ms <br> t < 1200 ms",
    "count": 69,
    "percentage": 0.6920068197773543
},
    "group3": {
    "name": "t >= 1200 ms",
    "htmlName": "t >= 1200 ms",
    "count": 9890,
    "percentage": 99.18764416808744
},
    "group4": {
    "name": "failed",
    "htmlName": "failed",
    "count": 9,
    "percentage": 0.09026175910139404
},
    "meanNumberOfRequestsPerSecond": {
        "total": 3.4525623268698062,
        "ok": 3.4494459833795013,
        "ko": 0.0031163434903047093
    }
}
    }
}

}