{
    "name": "All Requests",
    "numberOfRequests": {
        "total": 190240,
        "ok": 189463,
        "ko": 777
    },
    "minResponseTime": {
        "total": 2,
        "ok": 2,
        "ko": 17
    },
    "maxResponseTime": {
        "total": 60001,
        "ok": 59208,
        "ko": 60001
    },
    "meanResponseTime": {
        "total": 5333,
        "ok": 5341,
        "ko": 3487
    },
    "standardDeviation": {
        "total": 5266,
        "ok": 5251,
        "ko": 7982
    },
    "percentiles1": {
        "total": 3160,
        "ok": 3169,
        "ko": 1566
    },
    "percentiles2": {
        "total": 7176,
        "ok": 7193,
        "ko": 2706
    },
    "percentiles3": {
        "total": 16921,
        "ok": 16955,
        "ko": 12875
    },
    "percentiles4": {
        "total": 23414,
        "ok": 23556,
        "ko": 60000
    },
    "group1": {
    "name": "t < 800 ms",
    "htmlName": "t < 800 ms",
    "count": 7904,
    "percentage": 4.15475189234651
},
    "group2": {
    "name": "800 ms <= t < 1200 ms",
    "htmlName": "t >= 800 ms <br> t < 1200 ms",
    "count": 12604,
    "percentage": 6.6253153910849445
},
    "group3": {
    "name": "t >= 1200 ms",
    "htmlName": "t >= 1200 ms",
    "count": 168955,
    "percentage": 88.81150126156435
},
    "group4": {
    "name": "failed",
    "htmlName": "failed",
    "count": 777,
    "percentage": 0.4084314550042052
},
    "meanNumberOfRequestsPerSecond": {
        "total": 65.53220806062694,
        "ok": 65.26455390974854,
        "ko": 0.26765415087840166
    }
}