{
  "type": "GROUP",
"name": "All Requests",
"path": "",
"pathFormatted": "group_missing-name--1146707516",
"stats": {
    "name": "All Requests",
    "numberOfRequests": {
        "total": 190240,
        "ok": 189463,
        "ko": 777
    },
    "minResponseTime": {
        "total": 2,
        "ok": 2,
        "ko": 17
    },
    "maxResponseTime": {
        "total": 60001,
        "ok": 59208,
        "ko": 60001
    },
    "meanResponseTime": {
        "total": 5333,
        "ok": 5341,
        "ko": 3487
    },
    "standardDeviation": {
        "total": 5266,
        "ok": 5251,
        "ko": 7982
    },
    "percentiles1": {
        "total": 3160,
        "ok": 3169,
        "ko": 1566
    },
    "percentiles2": {
        "total": 7176,
        "ok": 7193,
        "ko": 2706
    },
    "percentiles3": {
        "total": 16921,
        "ok": 16955,
        "ko": 12875
    },
    "percentiles4": {
        "total": 23414,
        "ok": 23556,
        "ko": 60000
    },
    "group1": {
    "name": "t < 800 ms",
    "htmlName": "t < 800 ms",
    "count": 7904,
    "percentage": 4.15475189234651
},
    "group2": {
    "name": "800 ms <= t < 1200 ms",
    "htmlName": "t >= 800 ms <br> t < 1200 ms",
    "count": 12604,
    "percentage": 6.6253153910849445
},
    "group3": {
    "name": "t >= 1200 ms",
    "htmlName": "t >= 1200 ms",
    "count": 168955,
    "percentage": 88.81150126156435
},
    "group4": {
    "name": "failed",
    "htmlName": "failed",
    "count": 777,
    "percentage": 0.4084314550042052
},
    "meanNumberOfRequestsPerSecond": {
        "total": 65.53220806062694,
        "ok": 65.26455390974854,
        "ko": 0.26765415087840166
    }
},
"contents": {
"req_go-to-login-pag-1537763987": {
        "type": "REQUEST",
        "name": "Go to login page",
"path": "Go to login page",
"pathFormatted": "req_go-to-login-pag-1537763987",
"stats": {
    "name": "Go to login page",
    "numberOfRequests": {
        "total": 1247,
        "ok": 1247,
        "ko": 0
    },
    "minResponseTime": {
        "total": 2,
        "ok": 2,
        "ko": 0
    },
    "maxResponseTime": {
        "total": 14,
        "ok": 14,
        "ko": 0
    },
    "meanResponseTime": {
        "total": 4,
        "ok": 4,
        "ko": 0
    },
    "standardDeviation": {
        "total": 1,
        "ok": 1,
        "ko": 0
    },
    "percentiles1": {
        "total": 4,
        "ok": 4,
        "ko": 0
    },
    "percentiles2": {
        "total": 4,
        "ok": 4,
        "ko": 0
    },
    "percentiles3": {
        "total": 6,
        "ok": 6,
        "ko": 0
    },
    "percentiles4": {
        "total": 10,
        "ok": 10,
        "ko": 0
    },
    "group1": {
    "name": "t < 800 ms",
    "htmlName": "t < 800 ms",
    "count": 1247,
    "percentage": 100.0
},
    "group2": {
    "name": "800 ms <= t < 1200 ms",
    "htmlName": "t >= 800 ms <br> t < 1200 ms",
    "count": 0,
    "percentage": 0.0
},
    "group3": {
    "name": "t >= 1200 ms",
    "htmlName": "t >= 1200 ms",
    "count": 0,
    "percentage": 0.0
},
    "group4": {
    "name": "failed",
    "htmlName": "failed",
    "count": 0,
    "percentage": 0.0
},
    "meanNumberOfRequestsPerSecond": {
        "total": 0.42955563210471925,
        "ok": 0.42955563210471925,
        "ko": 0
    }
}
    },"req_submit-credenti--2043499788": {
        "type": "REQUEST",
        "name": "submit credentials",
"path": "submit credentials",
"pathFormatted": "req_submit-credenti--2043499788",
"stats": {
    "name": "submit credentials",
    "numberOfRequests": {
        "total": 1247,
        "ok": 1155,
        "ko": 92
    },
    "minResponseTime": {
        "total": 282,
        "ok": 282,
        "ko": 525
    },
    "maxResponseTime": {
        "total": 32509,
        "ok": 32509,
        "ko": 15010
    },
    "meanResponseTime": {
        "total": 3454,
        "ok": 3498,
        "ko": 2899
    },
    "standardDeviation": {
        "total": 4226,
        "ok": 4324,
        "ko": 2658
    },
    "percentiles1": {
        "total": 1800,
        "ok": 1831,
        "ko": 1676
    },
    "percentiles2": {
        "total": 4460,
        "ok": 4616,
        "ko": 2730
    },
    "percentiles3": {
        "total": 12316,
        "ok": 12498,
        "ko": 7174
    },
    "percentiles4": {
        "total": 19863,
        "ok": 19928,
        "ko": 15010
    },
    "group1": {
    "name": "t < 800 ms",
    "htmlName": "t < 800 ms",
    "count": 352,
    "percentage": 28.22774659182037
},
    "group2": {
    "name": "800 ms <= t < 1200 ms",
    "htmlName": "t >= 800 ms <br> t < 1200 ms",
    "count": 123,
    "percentage": 9.863672814755413
},
    "group3": {
    "name": "t >= 1200 ms",
    "htmlName": "t >= 1200 ms",
    "count": 680,
    "percentage": 54.530874097834804
},
    "group4": {
    "name": "failed",
    "htmlName": "failed",
    "count": 92,
    "percentage": 7.377706495589415
},
    "meanNumberOfRequestsPerSecond": {
        "total": 0.42955563210471925,
        "ok": 0.3978642783327592,
        "ko": 0.03169135377196004
    }
}
    },"req_check-user-logg-946489478": {
        "type": "REQUEST",
        "name": "check user logged in",
"path": "check user logged in",
"pathFormatted": "req_check-user-logg-946489478",
"stats": {
    "name": "check user logged in",
    "numberOfRequests": {
        "total": 1155,
        "ok": 1108,
        "ko": 47
    },
    "minResponseTime": {
        "total": 486,
        "ok": 486,
        "ko": 1529
    },
    "maxResponseTime": {
        "total": 43703,
        "ok": 43703,
        "ko": 10398
    },
    "meanResponseTime": {
        "total": 4497,
        "ok": 4574,
        "ko": 2670
    },
    "standardDeviation": {
        "total": 5260,
        "ok": 5346,
        "ko": 1660
    },
    "percentiles1": {
        "total": 2450,
        "ok": 2482,
        "ko": 1822
    },
    "percentiles2": {
        "total": 5462,
        "ok": 5646,
        "ko": 3250
    },
    "percentiles3": {
        "total": 16517,
        "ok": 16769,
        "ko": 5666
    },
    "percentiles4": {
        "total": 24134,
        "ok": 24595,
        "ko": 10398
    },
    "group1": {
    "name": "t < 800 ms",
    "htmlName": "t < 800 ms",
    "count": 116,
    "percentage": 10.043290043290042
},
    "group2": {
    "name": "800 ms <= t < 1200 ms",
    "htmlName": "t >= 800 ms <br> t < 1200 ms",
    "count": 150,
    "percentage": 12.987012987012985
},
    "group3": {
    "name": "t >= 1200 ms",
    "htmlName": "t >= 1200 ms",
    "count": 842,
    "percentage": 72.9004329004329
},
    "group4": {
    "name": "failed",
    "htmlName": "failed",
    "count": 47,
    "percentage": 4.069264069264069
},
    "meanNumberOfRequestsPerSecond": {
        "total": 0.3978642783327592,
        "ok": 0.38167413021012747,
        "ko": 0.01619014812263176
    }
}
    },"req_go-to-user-prog--2104020333": {
        "type": "REQUEST",
        "name": "Go to user program page",
"path": "Go to user program page",
"pathFormatted": "req_go-to-user-prog--2104020333",
"stats": {
    "name": "Go to user program page",
    "numberOfRequests": {
        "total": 1108,
        "ok": 1062,
        "ko": 46
    },
    "minResponseTime": {
        "total": 1440,
        "ok": 1440,
        "ko": 1526
    },
    "maxResponseTime": {
        "total": 60000,
        "ok": 53211,
        "ko": 60000
    },
    "meanResponseTime": {
        "total": 8896,
        "ok": 9097,
        "ko": 4256
    },
    "standardDeviation": {
        "total": 6948,
        "ok": 6794,
        "ko": 8634
    },
    "percentiles1": {
        "total": 6723,
        "ok": 7007,
        "ko": 2102
    },
    "percentiles2": {
        "total": 11484,
        "ok": 11846,
        "ko": 4308
    },
    "percentiles3": {
        "total": 21742,
        "ok": 21907,
        "ko": 6598
    },
    "percentiles4": {
        "total": 34616,
        "ok": 33757,
        "ko": 60000
    },
    "group1": {
    "name": "t < 800 ms",
    "htmlName": "t < 800 ms",
    "count": 0,
    "percentage": 0.0
},
    "group2": {
    "name": "800 ms <= t < 1200 ms",
    "htmlName": "t >= 800 ms <br> t < 1200 ms",
    "count": 0,
    "percentage": 0.0
},
    "group3": {
    "name": "t >= 1200 ms",
    "htmlName": "t >= 1200 ms",
    "count": 1062,
    "percentage": 95.84837545126354
},
    "group4": {
    "name": "failed",
    "htmlName": "failed",
    "count": 46,
    "percentage": 4.1516245487364625
},
    "meanNumberOfRequestsPerSecond": {
        "total": 0.38167413021012747,
        "ok": 0.36582845332414743,
        "ko": 0.01584567688598002
    }
}
    },"req_go-to-breakout---1000037037": {
        "type": "REQUEST",
        "name": "Go to breakout page",
"path": "Go to breakout page",
"pathFormatted": "req_go-to-breakout---1000037037",
"stats": {
    "name": "Go to breakout page",
    "numberOfRequests": {
        "total": 9130,
        "ok": 9099,
        "ko": 31
    },
    "minResponseTime": {
        "total": 842,
        "ok": 842,
        "ko": 1534
    },
    "maxResponseTime": {
        "total": 60001,
        "ok": 49172,
        "ko": 60001
    },
    "meanResponseTime": {
        "total": 6328,
        "ok": 6328,
        "ko": 6321
    },
    "standardDeviation": {
        "total": 6021,
        "ok": 5975,
        "ko": 14188
    },
    "percentiles1": {
        "total": 3888,
        "ok": 3895,
        "ko": 1585
    },
    "percentiles2": {
        "total": 8773,
        "ok": 8795,
        "ko": 3956
    },
    "percentiles3": {
        "total": 19339,
        "ok": 19331,
        "ko": 60001
    },
    "percentiles4": {
        "total": 26517,
        "ok": 26465,
        "ko": 60001
    },
    "group1": {
    "name": "t < 800 ms",
    "htmlName": "t < 800 ms",
    "count": 0,
    "percentage": 0.0
},
    "group2": {
    "name": "800 ms <= t < 1200 ms",
    "htmlName": "t >= 800 ms <br> t < 1200 ms",
    "count": 307,
    "percentage": 3.3625410733844467
},
    "group3": {
    "name": "t >= 1200 ms",
    "htmlName": "t >= 1200 ms",
    "count": 8792,
    "percentage": 96.29791894852136
},
    "group4": {
    "name": "failed",
    "htmlName": "failed",
    "count": 31,
    "percentage": 0.33953997809419495
},
    "meanNumberOfRequestsPerSecond": {
        "total": 3.1450223906303822,
        "ok": 3.1343437822941786,
        "ko": 0.010678608336203927
    }
}
    },"req_accept-vote--ci--768716124": {
        "type": "REQUEST",
        "name": "Accept vote (citation # 1)",
"path": "Accept vote (citation # 1)",
"pathFormatted": "req_accept-vote--ci--768716124",
"stats": {
    "name": "Accept vote (citation # 1)",
    "numberOfRequests": {
        "total": 9099,
        "ok": 9061,
        "ko": 38
    },
    "minResponseTime": {
        "total": 42,
        "ok": 480,
        "ko": 42
    },
    "maxResponseTime": {
        "total": 60000,
        "ok": 55721,
        "ko": 60000
    },
    "meanResponseTime": {
        "total": 5469,
        "ok": 5471,
        "ko": 4862
    },
    "standardDeviation": {
        "total": 5158,
        "ok": 5127,
        "ko": 10130
    },
    "percentiles1": {
        "total": 3272,
        "ok": 3278,
        "ko": 1560
    },
    "percentiles2": {
        "total": 7362,
        "ok": 7369,
        "ko": 6770
    },
    "percentiles3": {
        "total": 16658,
        "ok": 16682,
        "ko": 15239
    },
    "percentiles4": {
        "total": 23317,
        "ok": 23290,
        "ko": 60000
    },
    "group1": {
    "name": "t < 800 ms",
    "htmlName": "t < 800 ms",
    "count": 69,
    "percentage": 0.7583250906693043
},
    "group2": {
    "name": "800 ms <= t < 1200 ms",
    "htmlName": "t >= 800 ms <br> t < 1200 ms",
    "count": 364,
    "percentage": 4.000439608748215
},
    "group3": {
    "name": "t >= 1200 ms",
    "htmlName": "t >= 1200 ms",
    "count": 8628,
    "percentage": 94.8236069897791
},
    "group4": {
    "name": "failed",
    "htmlName": "failed",
    "count": 38,
    "percentage": 0.417628310803385
},
    "meanNumberOfRequestsPerSecond": {
        "total": 3.1343437822941786,
        "ok": 3.1212538753014125,
        "ko": 0.013089906992766104
    }
}
    },"req_cancel-vote--ci-1326826041": {
        "type": "REQUEST",
        "name": "Cancel vote (citation 1)",
"path": "Cancel vote (citation 1)",
"pathFormatted": "req_cancel-vote--ci-1326826041",
"stats": {
    "name": "Cancel vote (citation 1)",
    "numberOfRequests": {
        "total": 9061,
        "ok": 9029,
        "ko": 32
    },
    "minResponseTime": {
        "total": 35,
        "ok": 510,
        "ko": 35
    },
    "maxResponseTime": {
        "total": 60000,
        "ok": 57293,
        "ko": 60000
    },
    "meanResponseTime": {
        "total": 5651,
        "ok": 5653,
        "ko": 5153
    },
    "standardDeviation": {
        "total": 5245,
        "ok": 5185,
        "ko": 14257
    },
    "percentiles1": {
        "total": 3367,
        "ok": 3376,
        "ko": 1552
    },
    "percentiles2": {
        "total": 7634,
        "ok": 7652,
        "ko": 2073
    },
    "percentiles3": {
        "total": 17282,
        "ok": 17277,
        "ko": 60000
    },
    "percentiles4": {
        "total": 23161,
        "ok": 23118,
        "ko": 60000
    },
    "group1": {
    "name": "t < 800 ms",
    "htmlName": "t < 800 ms",
    "count": 43,
    "percentage": 0.47456130669903984
},
    "group2": {
    "name": "800 ms <= t < 1200 ms",
    "htmlName": "t >= 800 ms <br> t < 1200 ms",
    "count": 300,
    "percentage": 3.3108928374351616
},
    "group3": {
    "name": "t >= 1200 ms",
    "htmlName": "t >= 1200 ms",
    "count": 8686,
    "percentage": 95.86138395320604
},
    "group4": {
    "name": "failed",
    "htmlName": "failed",
    "count": 32,
    "percentage": 0.35316190265975056
},
    "meanNumberOfRequestsPerSecond": {
        "total": 3.1212538753014125,
        "ok": 3.110230795728557,
        "ko": 0.011023079572855667
    }
}
    },"req_accept-vote--ci--768716093": {
        "type": "REQUEST",
        "name": "Accept vote (citation # 2)",
"path": "Accept vote (citation # 2)",
"pathFormatted": "req_accept-vote--ci--768716093",
"stats": {
    "name": "Accept vote (citation # 2)",
    "numberOfRequests": {
        "total": 9029,
        "ok": 8995,
        "ko": 34
    },
    "minResponseTime": {
        "total": 30,
        "ok": 509,
        "ko": 30
    },
    "maxResponseTime": {
        "total": 58573,
        "ok": 58573,
        "ko": 13125
    },
    "meanResponseTime": {
        "total": 5490,
        "ok": 5503,
        "ko": 2255
    },
    "standardDeviation": {
        "total": 5027,
        "ok": 5029,
        "ko": 2853
    },
    "percentiles1": {
        "total": 3327,
        "ok": 3334,
        "ko": 1561
    },
    "percentiles2": {
        "total": 7337,
        "ok": 7359,
        "ko": 2008
    },
    "percentiles3": {
        "total": 16251,
        "ok": 16275,
        "ko": 8033
    },
    "percentiles4": {
        "total": 22860,
        "ok": 22810,
        "ko": 13125
    },
    "group1": {
    "name": "t < 800 ms",
    "htmlName": "t < 800 ms",
    "count": 49,
    "percentage": 0.5426957581127478
},
    "group2": {
    "name": "800 ms <= t < 1200 ms",
    "htmlName": "t >= 800 ms <br> t < 1200 ms",
    "count": 334,
    "percentage": 3.699191494074648
},
    "group3": {
    "name": "t >= 1200 ms",
    "htmlName": "t >= 1200 ms",
    "count": 8612,
    "percentage": 95.38154834422417
},
    "group4": {
    "name": "failed",
    "htmlName": "failed",
    "count": 34,
    "percentage": 0.37656440358843724
},
    "meanNumberOfRequestsPerSecond": {
        "total": 3.110230795728557,
        "ok": 3.0985187736823976,
        "ko": 0.011712022046159145
    }
}
    },"req_cancel-vote--ci-1326826072": {
        "type": "REQUEST",
        "name": "Cancel vote (citation 2)",
"path": "Cancel vote (citation 2)",
"pathFormatted": "req_cancel-vote--ci-1326826072",
"stats": {
    "name": "Cancel vote (citation 2)",
    "numberOfRequests": {
        "total": 8995,
        "ok": 8976,
        "ko": 19
    },
    "minResponseTime": {
        "total": 21,
        "ok": 595,
        "ko": 21
    },
    "maxResponseTime": {
        "total": 46140,
        "ok": 46140,
        "ko": 8033
    },
    "meanResponseTime": {
        "total": 5620,
        "ok": 5628,
        "ko": 2061
    },
    "standardDeviation": {
        "total": 5134,
        "ok": 5136,
        "ko": 2540
    },
    "percentiles1": {
        "total": 3422,
        "ok": 3427,
        "ko": 1152
    },
    "percentiles2": {
        "total": 7469,
        "ok": 7479,
        "ko": 2177
    },
    "percentiles3": {
        "total": 16963,
        "ok": 16977,
        "ko": 8033
    },
    "percentiles4": {
        "total": 23410,
        "ok": 23412,
        "ko": 8033
    },
    "group1": {
    "name": "t < 800 ms",
    "htmlName": "t < 800 ms",
    "count": 39,
    "percentage": 0.43357420789327406
},
    "group2": {
    "name": "800 ms <= t < 1200 ms",
    "htmlName": "t >= 800 ms <br> t < 1200 ms",
    "count": 222,
    "percentage": 2.4680377987770985
},
    "group3": {
    "name": "t >= 1200 ms",
    "htmlName": "t >= 1200 ms",
    "count": 8715,
    "percentage": 96.88715953307393
},
    "group4": {
    "name": "failed",
    "htmlName": "failed",
    "count": 19,
    "percentage": 0.2112284602556976
},
    "meanNumberOfRequestsPerSecond": {
        "total": 3.0985187736823976,
        "ok": 3.0919738201860145,
        "ko": 0.006544953496383052
    }
}
    },"req_reject-vote--ci-155049977": {
        "type": "REQUEST",
        "name": "Reject vote (citation # 3)",
"path": "Reject vote (citation # 3)",
"pathFormatted": "req_reject-vote--ci-155049977",
"stats": {
    "name": "Reject vote (citation # 3)",
    "numberOfRequests": {
        "total": 8976,
        "ok": 8944,
        "ko": 32
    },
    "minResponseTime": {
        "total": 28,
        "ok": 461,
        "ko": 28
    },
    "maxResponseTime": {
        "total": 51092,
        "ok": 51092,
        "ko": 8654
    },
    "meanResponseTime": {
        "total": 4516,
        "ok": 4527,
        "ko": 1369
    },
    "standardDeviation": {
        "total": 5148,
        "ok": 5153,
        "ko": 1521
    },
    "percentiles1": {
        "total": 2205,
        "ok": 2218,
        "ko": 1530
    },
    "percentiles2": {
        "total": 6264,
        "ok": 6288,
        "ko": 1609
    },
    "percentiles3": {
        "total": 16357,
        "ok": 16377,
        "ko": 2806
    },
    "percentiles4": {
        "total": 22727,
        "ok": 22691,
        "ko": 8654
    },
    "group1": {
    "name": "t < 800 ms",
    "htmlName": "t < 800 ms",
    "count": 1110,
    "percentage": 12.366310160427807
},
    "group2": {
    "name": "800 ms <= t < 1200 ms",
    "htmlName": "t >= 800 ms <br> t < 1200 ms",
    "count": 1658,
    "percentage": 18.471479500891267
},
    "group3": {
    "name": "t >= 1200 ms",
    "htmlName": "t >= 1200 ms",
    "count": 6176,
    "percentage": 68.80570409982175
},
    "group4": {
    "name": "failed",
    "htmlName": "failed",
    "count": 32,
    "percentage": 0.35650623885918004
},
    "meanNumberOfRequestsPerSecond": {
        "total": 3.0919738201860145,
        "ok": 3.080950740613159,
        "ko": 0.011023079572855667
    }
}
    },"req_rejection-reaso-933200556": {
        "type": "REQUEST",
        "name": "Rejection reason (citation 3)",
"path": "Rejection reason (citation 3)",
"pathFormatted": "req_rejection-reaso-933200556",
"stats": {
    "name": "Rejection reason (citation 3)",
    "numberOfRequests": {
        "total": 8944,
        "ok": 8914,
        "ko": 30
    },
    "minResponseTime": {
        "total": 32,
        "ok": 288,
        "ko": 32
    },
    "maxResponseTime": {
        "total": 56007,
        "ok": 56007,
        "ko": 6980
    },
    "meanResponseTime": {
        "total": 4730,
        "ok": 4741,
        "ko": 1372
    },
    "standardDeviation": {
        "total": 4727,
        "ok": 4729,
        "ko": 1802
    },
    "percentiles1": {
        "total": 2666,
        "ok": 2673,
        "ko": 739
    },
    "percentiles2": {
        "total": 6147,
        "ok": 6164,
        "ko": 1565
    },
    "percentiles3": {
        "total": 15309,
        "ok": 15334,
        "ko": 6294
    },
    "percentiles4": {
        "total": 21645,
        "ok": 21654,
        "ko": 6980
    },
    "group1": {
    "name": "t < 800 ms",
    "htmlName": "t < 800 ms",
    "count": 299,
    "percentage": 3.343023255813953
},
    "group2": {
    "name": "800 ms <= t < 1200 ms",
    "htmlName": "t >= 800 ms <br> t < 1200 ms",
    "count": 718,
    "percentage": 8.02772808586762
},
    "group3": {
    "name": "t >= 1200 ms",
    "htmlName": "t >= 1200 ms",
    "count": 7897,
    "percentage": 88.2938282647585
},
    "group4": {
    "name": "failed",
    "htmlName": "failed",
    "count": 30,
    "percentage": 0.3354203935599284
},
    "meanNumberOfRequestsPerSecond": {
        "total": 3.080950740613159,
        "ok": 3.0706166035136064,
        "ko": 0.010334137099552188
    }
}
    },"req_cancel-vote--ci-1326826103": {
        "type": "REQUEST",
        "name": "Cancel vote (citation 3)",
"path": "Cancel vote (citation 3)",
"pathFormatted": "req_cancel-vote--ci-1326826103",
"stats": {
    "name": "Cancel vote (citation 3)",
    "numberOfRequests": {
        "total": 8914,
        "ok": 8892,
        "ko": 22
    },
    "minResponseTime": {
        "total": 95,
        "ok": 595,
        "ko": 95
    },
    "maxResponseTime": {
        "total": 60000,
        "ok": 56748,
        "ko": 60000
    },
    "meanResponseTime": {
        "total": 5773,
        "ok": 5774,
        "ko": 5328
    },
    "standardDeviation": {
        "total": 5348,
        "ok": 5318,
        "ko": 12593
    },
    "percentiles1": {
        "total": 3473,
        "ok": 3477,
        "ko": 635
    },
    "percentiles2": {
        "total": 7719,
        "ok": 7727,
        "ko": 5566
    },
    "percentiles3": {
        "total": 17975,
        "ok": 17976,
        "ko": 14937
    },
    "percentiles4": {
        "total": 24049,
        "ok": 24036,
        "ko": 60000
    },
    "group1": {
    "name": "t < 800 ms",
    "htmlName": "t < 800 ms",
    "count": 36,
    "percentage": 0.4038590980480144
},
    "group2": {
    "name": "800 ms <= t < 1200 ms",
    "htmlName": "t >= 800 ms <br> t < 1200 ms",
    "count": 259,
    "percentage": 2.905541844289881
},
    "group3": {
    "name": "t >= 1200 ms",
    "htmlName": "t >= 1200 ms",
    "count": 8597,
    "percentage": 96.44379627552165
},
    "group4": {
    "name": "failed",
    "htmlName": "failed",
    "count": 22,
    "percentage": 0.24680278214045323
},
    "meanNumberOfRequestsPerSecond": {
        "total": 3.0706166035136064,
        "ok": 3.063038236307268,
        "ko": 0.007578367206338271
    }
}
    },"req_reject-vote--ci-155050008": {
        "type": "REQUEST",
        "name": "Reject vote (citation # 4)",
"path": "Reject vote (citation # 4)",
"pathFormatted": "req_reject-vote--ci-155050008",
"stats": {
    "name": "Reject vote (citation # 4)",
    "numberOfRequests": {
        "total": 8892,
        "ok": 8865,
        "ko": 27
    },
    "minResponseTime": {
        "total": 32,
        "ok": 459,
        "ko": 32
    },
    "maxResponseTime": {
        "total": 60001,
        "ok": 50947,
        "ko": 60001
    },
    "meanResponseTime": {
        "total": 4503,
        "ok": 4503,
        "ko": 4247
    },
    "standardDeviation": {
        "total": 5234,
        "ok": 5206,
        "ko": 11141
    },
    "percentiles1": {
        "total": 2149,
        "ok": 2154,
        "ko": 1535
    },
    "percentiles2": {
        "total": 6274,
        "ok": 6285,
        "ko": 3817
    },
    "percentiles3": {
        "total": 16154,
        "ok": 16158,
        "ko": 7178
    },
    "percentiles4": {
        "total": 22793,
        "ok": 22777,
        "ko": 60001
    },
    "group1": {
    "name": "t < 800 ms",
    "htmlName": "t < 800 ms",
    "count": 1212,
    "percentage": 13.630229419703104
},
    "group2": {
    "name": "800 ms <= t < 1200 ms",
    "htmlName": "t >= 800 ms <br> t < 1200 ms",
    "count": 1607,
    "percentage": 18.07242465137202
},
    "group3": {
    "name": "t >= 1200 ms",
    "htmlName": "t >= 1200 ms",
    "count": 6046,
    "percentage": 67.99370220422853
},
    "group4": {
    "name": "failed",
    "htmlName": "failed",
    "count": 27,
    "percentage": 0.30364372469635625
},
    "meanNumberOfRequestsPerSecond": {
        "total": 3.063038236307268,
        "ok": 3.0537375129176714,
        "ko": 0.009300723389596968
    }
}
    },"req_rejection-reaso-933200587": {
        "type": "REQUEST",
        "name": "Rejection reason (citation 4)",
"path": "Rejection reason (citation 4)",
"pathFormatted": "req_rejection-reaso-933200587",
"stats": {
    "name": "Rejection reason (citation 4)",
    "numberOfRequests": {
        "total": 8865,
        "ok": 8832,
        "ko": 33
    },
    "minResponseTime": {
        "total": 61,
        "ok": 346,
        "ko": 61
    },
    "maxResponseTime": {
        "total": 58054,
        "ok": 58054,
        "ko": 15119
    },
    "meanResponseTime": {
        "total": 4831,
        "ok": 4837,
        "ko": 3195
    },
    "standardDeviation": {
        "total": 4826,
        "ok": 4828,
        "ko": 3971
    },
    "percentiles1": {
        "total": 2682,
        "ok": 2686,
        "ko": 1534
    },
    "percentiles2": {
        "total": 6433,
        "ok": 6431,
        "ko": 4533
    },
    "percentiles3": {
        "total": 15751,
        "ok": 15753,
        "ko": 14634
    },
    "percentiles4": {
        "total": 21671,
        "ok": 21682,
        "ko": 15119
    },
    "group1": {
    "name": "t < 800 ms",
    "htmlName": "t < 800 ms",
    "count": 300,
    "percentage": 3.3840947546531304
},
    "group2": {
    "name": "800 ms <= t < 1200 ms",
    "htmlName": "t >= 800 ms <br> t < 1200 ms",
    "count": 688,
    "percentage": 7.760857304004512
},
    "group3": {
    "name": "t >= 1200 ms",
    "htmlName": "t >= 1200 ms",
    "count": 7844,
    "percentage": 88.48279751833051
},
    "group4": {
    "name": "failed",
    "htmlName": "failed",
    "count": 33,
    "percentage": 0.3722504230118443
},
    "meanNumberOfRequestsPerSecond": {
        "total": 3.0537375129176714,
        "ok": 3.042369962108164,
        "ko": 0.011367550809507406
    }
}
    },"req_cancel-vote--ci-1326826134": {
        "type": "REQUEST",
        "name": "Cancel vote (citation 4)",
"path": "Cancel vote (citation 4)",
"pathFormatted": "req_cancel-vote--ci-1326826134",
"stats": {
    "name": "Cancel vote (citation 4)",
    "numberOfRequests": {
        "total": 8832,
        "ok": 8799,
        "ko": 33
    },
    "minResponseTime": {
        "total": 40,
        "ok": 518,
        "ko": 40
    },
    "maxResponseTime": {
        "total": 58339,
        "ok": 58339,
        "ko": 15320
    },
    "meanResponseTime": {
        "total": 5800,
        "ok": 5810,
        "ko": 3042
    },
    "standardDeviation": {
        "total": 5307,
        "ok": 5308,
        "ko": 4157
    },
    "percentiles1": {
        "total": 3482,
        "ok": 3489,
        "ko": 1547
    },
    "percentiles2": {
        "total": 7762,
        "ok": 7778,
        "ko": 1586
    },
    "percentiles3": {
        "total": 17746,
        "ok": 17769,
        "ko": 14908
    },
    "percentiles4": {
        "total": 24223,
        "ok": 24235,
        "ko": 15320
    },
    "group1": {
    "name": "t < 800 ms",
    "htmlName": "t < 800 ms",
    "count": 28,
    "percentage": 0.3170289855072464
},
    "group2": {
    "name": "800 ms <= t < 1200 ms",
    "htmlName": "t >= 800 ms <br> t < 1200 ms",
    "count": 231,
    "percentage": 2.6154891304347827
},
    "group3": {
    "name": "t >= 1200 ms",
    "htmlName": "t >= 1200 ms",
    "count": 8540,
    "percentage": 96.69384057971014
},
    "group4": {
    "name": "failed",
    "htmlName": "failed",
    "count": 33,
    "percentage": 0.3736413043478261
},
    "meanNumberOfRequestsPerSecond": {
        "total": 3.042369962108164,
        "ok": 3.0310024112986564,
        "ko": 0.011367550809507406
    }
}
    },"req_accept-vote--ci--768716000": {
        "type": "REQUEST",
        "name": "Accept vote (citation # 5)",
"path": "Accept vote (citation # 5)",
"pathFormatted": "req_accept-vote--ci--768716000",
"stats": {
    "name": "Accept vote (citation # 5)",
    "numberOfRequests": {
        "total": 8799,
        "ok": 8771,
        "ko": 28
    },
    "minResponseTime": {
        "total": 17,
        "ok": 575,
        "ko": 17
    },
    "maxResponseTime": {
        "total": 56661,
        "ok": 56661,
        "ko": 14351
    },
    "meanResponseTime": {
        "total": 5758,
        "ok": 5770,
        "ko": 2185
    },
    "standardDeviation": {
        "total": 5272,
        "ok": 5274,
        "ko": 3001
    },
    "percentiles1": {
        "total": 3543,
        "ok": 3550,
        "ko": 1399
    },
    "percentiles2": {
        "total": 7607,
        "ok": 7627,
        "ko": 1970
    },
    "percentiles3": {
        "total": 17346,
        "ok": 17368,
        "ko": 7401
    },
    "percentiles4": {
        "total": 24582,
        "ok": 24599,
        "ko": 14351
    },
    "group1": {
    "name": "t < 800 ms",
    "htmlName": "t < 800 ms",
    "count": 14,
    "percentage": 0.15910898965791567
},
    "group2": {
    "name": "800 ms <= t < 1200 ms",
    "htmlName": "t >= 800 ms <br> t < 1200 ms",
    "count": 208,
    "percentage": 2.3639049892033186
},
    "group3": {
    "name": "t >= 1200 ms",
    "htmlName": "t >= 1200 ms",
    "count": 8549,
    "percentage": 97.15876804182292
},
    "group4": {
    "name": "failed",
    "htmlName": "failed",
    "count": 28,
    "percentage": 0.31821797931583135
},
    "meanNumberOfRequestsPerSecond": {
        "total": 3.0310024112986564,
        "ok": 3.0213572166724076,
        "ko": 0.009645194626248708
    }
}
    },"req_cancel-vote--ci-1326826165": {
        "type": "REQUEST",
        "name": "Cancel vote (citation 5)",
"path": "Cancel vote (citation 5)",
"pathFormatted": "req_cancel-vote--ci-1326826165",
"stats": {
    "name": "Cancel vote (citation 5)",
    "numberOfRequests": {
        "total": 8771,
        "ok": 8740,
        "ko": 31
    },
    "minResponseTime": {
        "total": 68,
        "ok": 683,
        "ko": 68
    },
    "maxResponseTime": {
        "total": 60000,
        "ok": 45400,
        "ko": 60000
    },
    "meanResponseTime": {
        "total": 5913,
        "ok": 5917,
        "ko": 4770
    },
    "standardDeviation": {
        "total": 5314,
        "ok": 5286,
        "ko": 10606
    },
    "percentiles1": {
        "total": 3631,
        "ok": 3636,
        "ko": 1585
    },
    "percentiles2": {
        "total": 7944,
        "ok": 7961,
        "ko": 5561
    },
    "percentiles3": {
        "total": 17919,
        "ok": 17928,
        "ko": 15102
    },
    "percentiles4": {
        "total": 24157,
        "ok": 24141,
        "ko": 60000
    },
    "group1": {
    "name": "t < 800 ms",
    "htmlName": "t < 800 ms",
    "count": 14,
    "percentage": 0.1596169193934557
},
    "group2": {
    "name": "800 ms <= t < 1200 ms",
    "htmlName": "t >= 800 ms <br> t < 1200 ms",
    "count": 195,
    "percentage": 2.223235662980276
},
    "group3": {
    "name": "t >= 1200 ms",
    "htmlName": "t >= 1200 ms",
    "count": 8531,
    "percentage": 97.26370995325505
},
    "group4": {
    "name": "failed",
    "htmlName": "failed",
    "count": 31,
    "percentage": 0.35343746437122336
},
    "meanNumberOfRequestsPerSecond": {
        "total": 3.0213572166724076,
        "ok": 3.010678608336204,
        "ko": 0.010678608336203927
    }
}
    },"req_accept-vote--ci--768715969": {
        "type": "REQUEST",
        "name": "Accept vote (citation # 6)",
"path": "Accept vote (citation # 6)",
"pathFormatted": "req_accept-vote--ci--768715969",
"stats": {
    "name": "Accept vote (citation # 6)",
    "numberOfRequests": {
        "total": 8740,
        "ok": 8709,
        "ko": 31
    },
    "minResponseTime": {
        "total": 58,
        "ok": 687,
        "ko": 58
    },
    "maxResponseTime": {
        "total": 60000,
        "ok": 55803,
        "ko": 60000
    },
    "meanResponseTime": {
        "total": 5927,
        "ok": 5930,
        "ko": 5058
    },
    "standardDeviation": {
        "total": 5452,
        "ok": 5422,
        "ko": 10975
    },
    "percentiles1": {
        "total": 3615,
        "ok": 3620,
        "ko": 1540
    },
    "percentiles2": {
        "total": 7760,
        "ok": 7770,
        "ko": 6509
    },
    "percentiles3": {
        "total": 18136,
        "ok": 18144,
        "ko": 15183
    },
    "percentiles4": {
        "total": 25140,
        "ok": 25118,
        "ko": 60000
    },
    "group1": {
    "name": "t < 800 ms",
    "htmlName": "t < 800 ms",
    "count": 16,
    "percentage": 0.1830663615560641
},
    "group2": {
    "name": "800 ms <= t < 1200 ms",
    "htmlName": "t >= 800 ms <br> t < 1200 ms",
    "count": 172,
    "percentage": 1.9679633867276887
},
    "group3": {
    "name": "t >= 1200 ms",
    "htmlName": "t >= 1200 ms",
    "count": 8521,
    "percentage": 97.49427917620137
},
    "group4": {
    "name": "failed",
    "htmlName": "failed",
    "count": 31,
    "percentage": 0.35469107551487417
},
    "meanNumberOfRequestsPerSecond": {
        "total": 3.010678608336204,
        "ok": 3.0,
        "ko": 0.010678608336203927
    }
}
    },"req_cancel-vote--ci-1326826196": {
        "type": "REQUEST",
        "name": "Cancel vote (citation 6)",
"path": "Cancel vote (citation 6)",
"pathFormatted": "req_cancel-vote--ci-1326826196",
"stats": {
    "name": "Cancel vote (citation 6)",
    "numberOfRequests": {
        "total": 8709,
        "ok": 8685,
        "ko": 24
    },
    "minResponseTime": {
        "total": 17,
        "ok": 681,
        "ko": 17
    },
    "maxResponseTime": {
        "total": 59156,
        "ok": 59156,
        "ko": 15647
    },
    "meanResponseTime": {
        "total": 5943,
        "ok": 5950,
        "ko": 3374
    },
    "standardDeviation": {
        "total": 5357,
        "ok": 5356,
        "ko": 4973
    },
    "percentiles1": {
        "total": 3648,
        "ok": 3655,
        "ko": 1558
    },
    "percentiles2": {
        "total": 7902,
        "ok": 7910,
        "ko": 3374
    },
    "percentiles3": {
        "total": 17756,
        "ok": 17773,
        "ko": 15006
    },
    "percentiles4": {
        "total": 23979,
        "ok": 24035,
        "ko": 15647
    },
    "group1": {
    "name": "t < 800 ms",
    "htmlName": "t < 800 ms",
    "count": 13,
    "percentage": 0.14927086921575383
},
    "group2": {
    "name": "800 ms <= t < 1200 ms",
    "htmlName": "t >= 800 ms <br> t < 1200 ms",
    "count": 143,
    "percentage": 1.641979561373292
},
    "group3": {
    "name": "t >= 1200 ms",
    "htmlName": "t >= 1200 ms",
    "count": 8529,
    "percentage": 97.93317258008956
},
    "group4": {
    "name": "failed",
    "htmlName": "failed",
    "count": 24,
    "percentage": 0.2755769893213917
},
    "meanNumberOfRequestsPerSecond": {
        "total": 3.0,
        "ok": 2.991732690320358,
        "ko": 0.00826730967964175
    }
}
    },"req_reject-vote--ci-155050101": {
        "type": "REQUEST",
        "name": "Reject vote (citation # 7)",
"path": "Reject vote (citation # 7)",
"pathFormatted": "req_reject-vote--ci-155050101",
"stats": {
    "name": "Reject vote (citation # 7)",
    "numberOfRequests": {
        "total": 8685,
        "ok": 8665,
        "ko": 20
    },
    "minResponseTime": {
        "total": 117,
        "ok": 449,
        "ko": 117
    },
    "maxResponseTime": {
        "total": 57664,
        "ok": 57664,
        "ko": 15195
    },
    "meanResponseTime": {
        "total": 4354,
        "ok": 4356,
        "ko": 3299
    },
    "standardDeviation": {
        "total": 5053,
        "ok": 5055,
        "ko": 3612
    },
    "percentiles1": {
        "total": 2066,
        "ok": 2069,
        "ko": 1636
    },
    "percentiles2": {
        "total": 6027,
        "ok": 6027,
        "ko": 6203
    },
    "percentiles3": {
        "total": 15943,
        "ok": 15908,
        "ko": 15195
    },
    "percentiles4": {
        "total": 22343,
        "ok": 22230,
        "ko": 15195
    },
    "group1": {
    "name": "t < 800 ms",
    "htmlName": "t < 800 ms",
    "count": 1164,
    "percentage": 13.402417962003454
},
    "group2": {
    "name": "800 ms <= t < 1200 ms",
    "htmlName": "t >= 800 ms <br> t < 1200 ms",
    "count": 1663,
    "percentage": 19.147956246401844
},
    "group3": {
    "name": "t >= 1200 ms",
    "htmlName": "t >= 1200 ms",
    "count": 5838,
    "percentage": 67.21934369602764
},
    "group4": {
    "name": "failed",
    "htmlName": "failed",
    "count": 20,
    "percentage": 0.2302820955670697
},
    "meanNumberOfRequestsPerSecond": {
        "total": 2.991732690320358,
        "ok": 2.9848432655873234,
        "ko": 0.006889424733034792
    }
}
    },"req_rejection-reaso-933200680": {
        "type": "REQUEST",
        "name": "Rejection reason (citation 7)",
"path": "Rejection reason (citation 7)",
"pathFormatted": "req_rejection-reaso-933200680",
"stats": {
    "name": "Rejection reason (citation 7)",
    "numberOfRequests": {
        "total": 8665,
        "ok": 8634,
        "ko": 31
    },
    "minResponseTime": {
        "total": 27,
        "ok": 326,
        "ko": 27
    },
    "maxResponseTime": {
        "total": 54873,
        "ok": 54873,
        "ko": 13765
    },
    "meanResponseTime": {
        "total": 4728,
        "ok": 4739,
        "ko": 1775
    },
    "standardDeviation": {
        "total": 4803,
        "ok": 4806,
        "ko": 2459
    },
    "percentiles1": {
        "total": 2605,
        "ok": 2610,
        "ko": 1540
    },
    "percentiles2": {
        "total": 6126,
        "ok": 6145,
        "ko": 1657
    },
    "percentiles3": {
        "total": 15493,
        "ok": 15533,
        "ko": 5489
    },
    "percentiles4": {
        "total": 21762,
        "ok": 21790,
        "ko": 13765
    },
    "group1": {
    "name": "t < 800 ms",
    "htmlName": "t < 800 ms",
    "count": 302,
    "percentage": 3.485285631852279
},
    "group2": {
    "name": "800 ms <= t < 1200 ms",
    "htmlName": "t >= 800 ms <br> t < 1200 ms",
    "count": 692,
    "percentage": 7.986151182919793
},
    "group3": {
    "name": "t >= 1200 ms",
    "htmlName": "t >= 1200 ms",
    "count": 7640,
    "percentage": 88.17080207732256
},
    "group4": {
    "name": "failed",
    "htmlName": "failed",
    "count": 31,
    "percentage": 0.3577611079053664
},
    "meanNumberOfRequestsPerSecond": {
        "total": 2.9848432655873234,
        "ok": 2.9741646572511193,
        "ko": 0.010678608336203927
    }
}
    },"req_cancel-vote--ci-1326826227": {
        "type": "REQUEST",
        "name": "Cancel vote (citation 7)",
"path": "Cancel vote (citation 7)",
"pathFormatted": "req_cancel-vote--ci-1326826227",
"stats": {
    "name": "Cancel vote (citation 7)",
    "numberOfRequests": {
        "total": 8634,
        "ok": 8607,
        "ko": 27
    },
    "minResponseTime": {
        "total": 46,
        "ok": 627,
        "ko": 46
    },
    "maxResponseTime": {
        "total": 60000,
        "ok": 47110,
        "ko": 60000
    },
    "meanResponseTime": {
        "total": 6027,
        "ok": 6033,
        "ko": 3992
    },
    "standardDeviation": {
        "total": 5433,
        "ok": 5404,
        "ko": 11125
    },
    "percentiles1": {
        "total": 3707,
        "ok": 3714,
        "ko": 1585
    },
    "percentiles2": {
        "total": 8028,
        "ok": 8049,
        "ko": 2444
    },
    "percentiles3": {
        "total": 17821,
        "ok": 17824,
        "ko": 7584
    },
    "percentiles4": {
        "total": 24948,
        "ok": 24870,
        "ko": 60000
    },
    "group1": {
    "name": "t < 800 ms",
    "htmlName": "t < 800 ms",
    "count": 10,
    "percentage": 0.11582117211026176
},
    "group2": {
    "name": "800 ms <= t < 1200 ms",
    "htmlName": "t >= 800 ms <br> t < 1200 ms",
    "count": 155,
    "percentage": 1.7952281677090571
},
    "group3": {
    "name": "t >= 1200 ms",
    "htmlName": "t >= 1200 ms",
    "count": 8442,
    "percentage": 97.77623349548298
},
    "group4": {
    "name": "failed",
    "htmlName": "failed",
    "count": 27,
    "percentage": 0.3127171646977068
},
    "meanNumberOfRequestsPerSecond": {
        "total": 2.9741646572511193,
        "ok": 2.9648639338615226,
        "ko": 0.009300723389596968
    }
}
    },"req_reject-vote--ci-155050132": {
        "type": "REQUEST",
        "name": "Reject vote (citation # 8)",
"path": "Reject vote (citation # 8)",
"pathFormatted": "req_reject-vote--ci-155050132",
"stats": {
    "name": "Reject vote (citation # 8)",
    "numberOfRequests": {
        "total": 8607,
        "ok": 8579,
        "ko": 28
    },
    "minResponseTime": {
        "total": 59,
        "ok": 477,
        "ko": 59
    },
    "maxResponseTime": {
        "total": 60000,
        "ok": 37501,
        "ko": 60000
    },
    "meanResponseTime": {
        "total": 4421,
        "ok": 4420,
        "ko": 4490
    },
    "standardDeviation": {
        "total": 5102,
        "ok": 5070,
        "ko": 11303
    },
    "percentiles1": {
        "total": 2066,
        "ok": 2073,
        "ko": 1555
    },
    "percentiles2": {
        "total": 6143,
        "ok": 6153,
        "ko": 2070
    },
    "percentiles3": {
        "total": 16038,
        "ok": 16044,
        "ko": 15668
    },
    "percentiles4": {
        "total": 22159,
        "ok": 22073,
        "ko": 60000
    },
    "group1": {
    "name": "t < 800 ms",
    "htmlName": "t < 800 ms",
    "count": 1168,
    "percentage": 13.570349715347973
},
    "group2": {
    "name": "800 ms <= t < 1200 ms",
    "htmlName": "t >= 800 ms <br> t < 1200 ms",
    "count": 1639,
    "percentage": 19.04263971186244
},
    "group3": {
    "name": "t >= 1200 ms",
    "htmlName": "t >= 1200 ms",
    "count": 5772,
    "percentage": 67.0616939700244
},
    "group4": {
    "name": "failed",
    "htmlName": "failed",
    "count": 28,
    "percentage": 0.32531660276519114
},
    "meanNumberOfRequestsPerSecond": {
        "total": 2.9648639338615226,
        "ok": 2.955218739235274,
        "ko": 0.009645194626248708
    }
}
    },"req_rejection-reaso-933200711": {
        "type": "REQUEST",
        "name": "Rejection reason (citation 8)",
"path": "Rejection reason (citation 8)",
"pathFormatted": "req_rejection-reaso-933200711",
"stats": {
    "name": "Rejection reason (citation 8)",
    "numberOfRequests": {
        "total": 8579,
        "ok": 8557,
        "ko": 22
    },
    "minResponseTime": {
        "total": 62,
        "ok": 333,
        "ko": 62
    },
    "maxResponseTime": {
        "total": 59208,
        "ok": 59208,
        "ko": 7050
    },
    "meanResponseTime": {
        "total": 4735,
        "ok": 4742,
        "ko": 2114
    },
    "standardDeviation": {
        "total": 4848,
        "ok": 4851,
        "ko": 2010
    },
    "percentiles1": {
        "total": 2563,
        "ok": 2566,
        "ko": 1559
    },
    "percentiles2": {
        "total": 6239,
        "ok": 6253,
        "ko": 2512
    },
    "percentiles3": {
        "total": 15690,
        "ok": 15707,
        "ko": 6903
    },
    "percentiles4": {
        "total": 21709,
        "ok": 21718,
        "ko": 7050
    },
    "group1": {
    "name": "t < 800 ms",
    "htmlName": "t < 800 ms",
    "count": 296,
    "percentage": 3.450285581070055
},
    "group2": {
    "name": "800 ms <= t < 1200 ms",
    "htmlName": "t >= 800 ms <br> t < 1200 ms",
    "count": 669,
    "percentage": 7.798111668026577
},
    "group3": {
    "name": "t >= 1200 ms",
    "htmlName": "t >= 1200 ms",
    "count": 7592,
    "percentage": 88.49516260636437
},
    "group4": {
    "name": "failed",
    "htmlName": "failed",
    "count": 22,
    "percentage": 0.25644014453899056
},
    "meanNumberOfRequestsPerSecond": {
        "total": 2.955218739235274,
        "ok": 2.9476403720289355,
        "ko": 0.007578367206338271
    }
}
    },"req_cancel-vote--ci-1326826258": {
        "type": "REQUEST",
        "name": "Cancel vote (citation 8)",
"path": "Cancel vote (citation 8)",
"pathFormatted": "req_cancel-vote--ci-1326826258",
"stats": {
    "name": "Cancel vote (citation 8)",
    "numberOfRequests": {
        "total": 8557,
        "ok": 8538,
        "ko": 19
    },
    "minResponseTime": {
        "total": 128,
        "ok": 658,
        "ko": 128
    },
    "maxResponseTime": {
        "total": 60000,
        "ok": 54688,
        "ko": 60000
    },
    "meanResponseTime": {
        "total": 6124,
        "ok": 6128,
        "ko": 4714
    },
    "standardDeviation": {
        "total": 5468,
        "ok": 5438,
        "ko": 13148
    },
    "percentiles1": {
        "total": 3789,
        "ok": 3795,
        "ko": 1532
    },
    "percentiles2": {
        "total": 8034,
        "ok": 8048,
        "ko": 1611
    },
    "percentiles3": {
        "total": 18287,
        "ok": 18286,
        "ko": 60000
    },
    "percentiles4": {
        "total": 24943,
        "ok": 24965,
        "ko": 60000
    },
    "group1": {
    "name": "t < 800 ms",
    "htmlName": "t < 800 ms",
    "count": 7,
    "percentage": 0.08180437069066263
},
    "group2": {
    "name": "800 ms <= t < 1200 ms",
    "htmlName": "t >= 800 ms <br> t < 1200 ms",
    "count": 107,
    "percentage": 1.2504382377001286
},
    "group3": {
    "name": "t >= 1200 ms",
    "htmlName": "t >= 1200 ms",
    "count": 8424,
    "percentage": 98.4457169568774
},
    "group4": {
    "name": "failed",
    "htmlName": "failed",
    "count": 19,
    "percentage": 0.22204043473179852
},
    "meanNumberOfRequestsPerSecond": {
        "total": 2.9476403720289355,
        "ok": 2.9410954185325524,
        "ko": 0.006544953496383052
    }
}
    }
}

}