{
    "name": "All Requests",
    "numberOfRequests": {
        "total": 218424,
        "ok": 218155,
        "ko": 269
    },
    "minResponseTime": {
        "total": 2,
        "ok": 2,
        "ko": 10
    },
    "maxResponseTime": {
        "total": 35118,
        "ok": 35118,
        "ko": 6619
    },
    "meanResponseTime": {
        "total": 4390,
        "ok": 4395,
        "ko": 422
    },
    "standardDeviation": {
        "total": 3266,
        "ok": 3265,
        "ko": 620
    },
    "percentiles1": {
        "total": 3407,
        "ok": 3410,
        "ko": 228
    },
    "percentiles2": {
        "total": 5534,
        "ok": 5538,
        "ko": 513
    },
    "percentiles3": {
        "total": 11116,
        "ok": 11134,
        "ko": 1439
    },
    "percentiles4": {
        "total": 16170,
        "ok": 16206,
        "ko": 2195
    },
    "group1": {
    "name": "t < 800 ms",
    "htmlName": "t < 800 ms",
    "count": 4890,
    "percentage": 2.238764970882321
},
    "group2": {
    "name": "800 ms <= t < 1200 ms",
    "htmlName": "t >= 800 ms <br> t < 1200 ms",
    "count": 10041,
    "percentage": 4.5970223052411825
},
    "group3": {
    "name": "t >= 1200 ms",
    "htmlName": "t >= 1200 ms",
    "count": 203224,
    "percentage": 93.0410577592206
},
    "group4": {
    "name": "failed",
    "htmlName": "failed",
    "count": 269,
    "percentage": 0.12315496465589862
},
    "meanNumberOfRequestsPerSecond": {
        "total": 79.51365125591555,
        "ok": 79.41572624681471,
        "ko": 0.09792500910083728
    }
}