{
  "type": "GROUP",
"name": "All Requests",
"path": "",
"pathFormatted": "group_missing-name--1146707516",
"stats": {
    "name": "All Requests",
    "numberOfRequests": {
        "total": 218424,
        "ok": 218155,
        "ko": 269
    },
    "minResponseTime": {
        "total": 2,
        "ok": 2,
        "ko": 10
    },
    "maxResponseTime": {
        "total": 35118,
        "ok": 35118,
        "ko": 6619
    },
    "meanResponseTime": {
        "total": 4390,
        "ok": 4395,
        "ko": 422
    },
    "standardDeviation": {
        "total": 3266,
        "ok": 3265,
        "ko": 620
    },
    "percentiles1": {
        "total": 3407,
        "ok": 3410,
        "ko": 228
    },
    "percentiles2": {
        "total": 5534,
        "ok": 5538,
        "ko": 513
    },
    "percentiles3": {
        "total": 11116,
        "ok": 11134,
        "ko": 1439
    },
    "percentiles4": {
        "total": 16170,
        "ok": 16206,
        "ko": 2195
    },
    "group1": {
    "name": "t < 800 ms",
    "htmlName": "t < 800 ms",
    "count": 4890,
    "percentage": 2.238764970882321
},
    "group2": {
    "name": "800 ms <= t < 1200 ms",
    "htmlName": "t >= 800 ms <br> t < 1200 ms",
    "count": 10041,
    "percentage": 4.5970223052411825
},
    "group3": {
    "name": "t >= 1200 ms",
    "htmlName": "t >= 1200 ms",
    "count": 203224,
    "percentage": 93.0410577592206
},
    "group4": {
    "name": "failed",
    "htmlName": "failed",
    "count": 269,
    "percentage": 0.12315496465589862
},
    "meanNumberOfRequestsPerSecond": {
        "total": 79.51365125591555,
        "ok": 79.41572624681471,
        "ko": 0.09792500910083728
    }
},
"contents": {
"req_go-to-login-pag-1537763987": {
        "type": "REQUEST",
        "name": "Go to login page",
"path": "Go to login page",
"pathFormatted": "req_go-to-login-pag-1537763987",
"stats": {
    "name": "Go to login page",
    "numberOfRequests": {
        "total": 892,
        "ok": 892,
        "ko": 0
    },
    "minResponseTime": {
        "total": 2,
        "ok": 2,
        "ko": 0
    },
    "maxResponseTime": {
        "total": 10,
        "ok": 10,
        "ko": 0
    },
    "meanResponseTime": {
        "total": 3,
        "ok": 3,
        "ko": 0
    },
    "standardDeviation": {
        "total": 1,
        "ok": 1,
        "ko": 0
    },
    "percentiles1": {
        "total": 3,
        "ok": 3,
        "ko": 0
    },
    "percentiles2": {
        "total": 4,
        "ok": 4,
        "ko": 0
    },
    "percentiles3": {
        "total": 4,
        "ok": 4,
        "ko": 0
    },
    "percentiles4": {
        "total": 6,
        "ok": 6,
        "ko": 0
    },
    "group1": {
    "name": "t < 800 ms",
    "htmlName": "t < 800 ms",
    "count": 892,
    "percentage": 100.0
},
    "group2": {
    "name": "800 ms <= t < 1200 ms",
    "htmlName": "t >= 800 ms <br> t < 1200 ms",
    "count": 0,
    "percentage": 0.0
},
    "group3": {
    "name": "t >= 1200 ms",
    "htmlName": "t >= 1200 ms",
    "count": 0,
    "percentage": 0.0
},
    "group4": {
    "name": "failed",
    "htmlName": "failed",
    "count": 0,
    "percentage": 0.0
},
    "meanNumberOfRequestsPerSecond": {
        "total": 0.3247178740444121,
        "ok": 0.3247178740444121,
        "ko": 0
    }
}
    },"req_submit-credenti--2043499788": {
        "type": "REQUEST",
        "name": "submit credentials",
"path": "submit credentials",
"pathFormatted": "req_submit-credenti--2043499788",
"stats": {
    "name": "submit credentials",
    "numberOfRequests": {
        "total": 892,
        "ok": 891,
        "ko": 1
    },
    "minResponseTime": {
        "total": 263,
        "ok": 263,
        "ko": 441
    },
    "maxResponseTime": {
        "total": 18513,
        "ok": 18513,
        "ko": 441
    },
    "meanResponseTime": {
        "total": 2435,
        "ok": 2438,
        "ko": 441
    },
    "standardDeviation": {
        "total": 2655,
        "ok": 2655,
        "ko": 0
    },
    "percentiles1": {
        "total": 1438,
        "ok": 1441,
        "ko": 441
    },
    "percentiles2": {
        "total": 3026,
        "ok": 3031,
        "ko": 441
    },
    "percentiles3": {
        "total": 8571,
        "ok": 8572,
        "ko": 441
    },
    "percentiles4": {
        "total": 12363,
        "ok": 12364,
        "ko": 441
    },
    "group1": {
    "name": "t < 800 ms",
    "htmlName": "t < 800 ms",
    "count": 285,
    "percentage": 31.950672645739907
},
    "group2": {
    "name": "800 ms <= t < 1200 ms",
    "htmlName": "t >= 800 ms <br> t < 1200 ms",
    "count": 115,
    "percentage": 12.892376681614351
},
    "group3": {
    "name": "t >= 1200 ms",
    "htmlName": "t >= 1200 ms",
    "count": 491,
    "percentage": 55.044843049327355
},
    "group4": {
    "name": "failed",
    "htmlName": "failed",
    "count": 1,
    "percentage": 0.11210762331838565
},
    "meanNumberOfRequestsPerSecond": {
        "total": 0.3247178740444121,
        "ok": 0.3243538405533309,
        "ko": 3.6403349108117945E-4
    }
}
    },"req_check-user-logg-946489478": {
        "type": "REQUEST",
        "name": "check user logged in",
"path": "check user logged in",
"pathFormatted": "req_check-user-logg-946489478",
"stats": {
    "name": "check user logged in",
    "numberOfRequests": {
        "total": 891,
        "ok": 891,
        "ko": 0
    },
    "minResponseTime": {
        "total": 461,
        "ok": 461,
        "ko": 0
    },
    "maxResponseTime": {
        "total": 20345,
        "ok": 20345,
        "ko": 0
    },
    "meanResponseTime": {
        "total": 3230,
        "ok": 3230,
        "ko": 0
    },
    "standardDeviation": {
        "total": 2989,
        "ok": 2989,
        "ko": 0
    },
    "percentiles1": {
        "total": 2305,
        "ok": 2306,
        "ko": 0
    },
    "percentiles2": {
        "total": 4018,
        "ok": 4019,
        "ko": 0
    },
    "percentiles3": {
        "total": 10097,
        "ok": 10097,
        "ko": 0
    },
    "percentiles4": {
        "total": 14129,
        "ok": 14129,
        "ko": 0
    },
    "group1": {
    "name": "t < 800 ms",
    "htmlName": "t < 800 ms",
    "count": 112,
    "percentage": 12.570145903479238
},
    "group2": {
    "name": "800 ms <= t < 1200 ms",
    "htmlName": "t >= 800 ms <br> t < 1200 ms",
    "count": 129,
    "percentage": 14.47811447811448
},
    "group3": {
    "name": "t >= 1200 ms",
    "htmlName": "t >= 1200 ms",
    "count": 650,
    "percentage": 72.9517396184063
},
    "group4": {
    "name": "failed",
    "htmlName": "failed",
    "count": 0,
    "percentage": 0.0
},
    "meanNumberOfRequestsPerSecond": {
        "total": 0.3243538405533309,
        "ok": 0.3243538405533309,
        "ko": 0
    }
}
    },"req_go-to-user-prog--2104020333": {
        "type": "REQUEST",
        "name": "Go to user program page",
"path": "Go to user program page",
"pathFormatted": "req_go-to-user-prog--2104020333",
"stats": {
    "name": "Go to user program page",
    "numberOfRequests": {
        "total": 891,
        "ok": 891,
        "ko": 0
    },
    "minResponseTime": {
        "total": 1340,
        "ok": 1340,
        "ko": 0
    },
    "maxResponseTime": {
        "total": 35118,
        "ok": 35118,
        "ko": 0
    },
    "meanResponseTime": {
        "total": 7006,
        "ok": 7006,
        "ko": 0
    },
    "standardDeviation": {
        "total": 4426,
        "ok": 4426,
        "ko": 0
    },
    "percentiles1": {
        "total": 5986,
        "ok": 5986,
        "ko": 0
    },
    "percentiles2": {
        "total": 8433,
        "ok": 8433,
        "ko": 0
    },
    "percentiles3": {
        "total": 16140,
        "ok": 16140,
        "ko": 0
    },
    "percentiles4": {
        "total": 23861,
        "ok": 23861,
        "ko": 0
    },
    "group1": {
    "name": "t < 800 ms",
    "htmlName": "t < 800 ms",
    "count": 0,
    "percentage": 0.0
},
    "group2": {
    "name": "800 ms <= t < 1200 ms",
    "htmlName": "t >= 800 ms <br> t < 1200 ms",
    "count": 0,
    "percentage": 0.0
},
    "group3": {
    "name": "t >= 1200 ms",
    "htmlName": "t >= 1200 ms",
    "count": 891,
    "percentage": 100.0
},
    "group4": {
    "name": "failed",
    "htmlName": "failed",
    "count": 0,
    "percentage": 0.0
},
    "meanNumberOfRequestsPerSecond": {
        "total": 0.3243538405533309,
        "ok": 0.3243538405533309,
        "ko": 0
    }
}
    },"req_go-to-breakout---1000037037": {
        "type": "REQUEST",
        "name": "Go to breakout page",
"path": "Go to breakout page",
"pathFormatted": "req_go-to-breakout---1000037037",
"stats": {
    "name": "Go to breakout page",
    "numberOfRequests": {
        "total": 10346,
        "ok": 10345,
        "ko": 1
    },
    "minResponseTime": {
        "total": 883,
        "ok": 883,
        "ko": 6619
    },
    "maxResponseTime": {
        "total": 30860,
        "ok": 30860,
        "ko": 6619
    },
    "meanResponseTime": {
        "total": 5042,
        "ok": 5042,
        "ko": 6619
    },
    "standardDeviation": {
        "total": 3679,
        "ok": 3680,
        "ko": 0
    },
    "percentiles1": {
        "total": 4003,
        "ok": 4003,
        "ko": 6619
    },
    "percentiles2": {
        "total": 6277,
        "ok": 6276,
        "ko": 6619
    },
    "percentiles3": {
        "total": 12862,
        "ok": 12863,
        "ko": 6619
    },
    "percentiles4": {
        "total": 18056,
        "ok": 18056,
        "ko": 6619
    },
    "group1": {
    "name": "t < 800 ms",
    "htmlName": "t < 800 ms",
    "count": 0,
    "percentage": 0.0
},
    "group2": {
    "name": "800 ms <= t < 1200 ms",
    "htmlName": "t >= 800 ms <br> t < 1200 ms",
    "count": 89,
    "percentage": 0.8602358399381403
},
    "group3": {
    "name": "t >= 1200 ms",
    "htmlName": "t >= 1200 ms",
    "count": 10256,
    "percentage": 99.1300985888266
},
    "group4": {
    "name": "failed",
    "htmlName": "failed",
    "count": 1,
    "percentage": 0.009665571235260004
},
    "meanNumberOfRequestsPerSecond": {
        "total": 3.766290498725883,
        "ok": 3.7659264652348017,
        "ko": 3.6403349108117945E-4
    }
}
    },"req_accept-vote--ci--768716124": {
        "type": "REQUEST",
        "name": "Accept vote (citation # 1)",
"path": "Accept vote (citation # 1)",
"pathFormatted": "req_accept-vote--ci--768716124",
"stats": {
    "name": "Accept vote (citation # 1)",
    "numberOfRequests": {
        "total": 10345,
        "ok": 10333,
        "ko": 12
    },
    "minResponseTime": {
        "total": 66,
        "ok": 495,
        "ko": 66
    },
    "maxResponseTime": {
        "total": 24778,
        "ok": 24778,
        "ko": 1129
    },
    "meanResponseTime": {
        "total": 4439,
        "ok": 4444,
        "ko": 326
    },
    "standardDeviation": {
        "total": 3042,
        "ok": 3040,
        "ko": 334
    },
    "percentiles1": {
        "total": 3447,
        "ok": 3451,
        "ko": 185
    },
    "percentiles2": {
        "total": 5500,
        "ok": 5503,
        "ko": 397
    },
    "percentiles3": {
        "total": 10833,
        "ok": 10836,
        "ko": 1129
    },
    "percentiles4": {
        "total": 14962,
        "ok": 14965,
        "ko": 1129
    },
    "group1": {
    "name": "t < 800 ms",
    "htmlName": "t < 800 ms",
    "count": 28,
    "percentage": 0.2706621556307395
},
    "group2": {
    "name": "800 ms <= t < 1200 ms",
    "htmlName": "t >= 800 ms <br> t < 1200 ms",
    "count": 203,
    "percentage": 1.9623006283228612
},
    "group3": {
    "name": "t >= 1200 ms",
    "htmlName": "t >= 1200 ms",
    "count": 10102,
    "percentage": 97.65103914934751
},
    "group4": {
    "name": "failed",
    "htmlName": "failed",
    "count": 12,
    "percentage": 0.11599806669888835
},
    "meanNumberOfRequestsPerSecond": {
        "total": 3.7659264652348017,
        "ok": 3.7615580633418273,
        "ko": 0.004368401892974154
    }
}
    },"req_cancel-vote--ci-1326826041": {
        "type": "REQUEST",
        "name": "Cancel vote (citation 1)",
"path": "Cancel vote (citation 1)",
"pathFormatted": "req_cancel-vote--ci-1326826041",
"stats": {
    "name": "Cancel vote (citation 1)",
    "numberOfRequests": {
        "total": 10333,
        "ok": 10321,
        "ko": 12
    },
    "minResponseTime": {
        "total": 20,
        "ok": 494,
        "ko": 20
    },
    "maxResponseTime": {
        "total": 26880,
        "ok": 26880,
        "ko": 759
    },
    "meanResponseTime": {
        "total": 4596,
        "ok": 4601,
        "ko": 283
    },
    "standardDeviation": {
        "total": 3124,
        "ok": 3123,
        "ko": 213
    },
    "percentiles1": {
        "total": 3572,
        "ok": 3575,
        "ko": 223
    },
    "percentiles2": {
        "total": 5682,
        "ok": 5686,
        "ko": 524
    },
    "percentiles3": {
        "total": 11056,
        "ok": 11059,
        "ko": 759
    },
    "percentiles4": {
        "total": 15745,
        "ok": 15749,
        "ko": 759
    },
    "group1": {
    "name": "t < 800 ms",
    "htmlName": "t < 800 ms",
    "count": 18,
    "percentage": 0.1741991677150876
},
    "group2": {
    "name": "800 ms <= t < 1200 ms",
    "htmlName": "t >= 800 ms <br> t < 1200 ms",
    "count": 167,
    "percentage": 1.6161811671344235
},
    "group3": {
    "name": "t >= 1200 ms",
    "htmlName": "t >= 1200 ms",
    "count": 10136,
    "percentage": 98.09348688667376
},
    "group4": {
    "name": "failed",
    "htmlName": "failed",
    "count": 12,
    "percentage": 0.11613277847672505
},
    "meanNumberOfRequestsPerSecond": {
        "total": 3.7615580633418273,
        "ok": 3.7571896614488534,
        "ko": 0.004368401892974154
    }
}
    },"req_accept-vote--ci--768716093": {
        "type": "REQUEST",
        "name": "Accept vote (citation # 2)",
"path": "Accept vote (citation # 2)",
"pathFormatted": "req_accept-vote--ci--768716093",
"stats": {
    "name": "Accept vote (citation # 2)",
    "numberOfRequests": {
        "total": 10321,
        "ok": 10304,
        "ko": 17
    },
    "minResponseTime": {
        "total": 29,
        "ok": 550,
        "ko": 29
    },
    "maxResponseTime": {
        "total": 28083,
        "ok": 28083,
        "ko": 1839
    },
    "meanResponseTime": {
        "total": 4527,
        "ok": 4533,
        "ko": 468
    },
    "standardDeviation": {
        "total": 3048,
        "ok": 3046,
        "ko": 506
    },
    "percentiles1": {
        "total": 3548,
        "ok": 3553,
        "ko": 268
    },
    "percentiles2": {
        "total": 5584,
        "ok": 5589,
        "ko": 583
    },
    "percentiles3": {
        "total": 10876,
        "ok": 10880,
        "ko": 1839
    },
    "percentiles4": {
        "total": 15340,
        "ok": 15347,
        "ko": 1839
    },
    "group1": {
    "name": "t < 800 ms",
    "htmlName": "t < 800 ms",
    "count": 14,
    "percentage": 0.13564577075864742
},
    "group2": {
    "name": "800 ms <= t < 1200 ms",
    "htmlName": "t >= 800 ms <br> t < 1200 ms",
    "count": 163,
    "percentage": 1.5793043309756807
},
    "group3": {
    "name": "t >= 1200 ms",
    "htmlName": "t >= 1200 ms",
    "count": 10127,
    "percentage": 98.12033717663017
},
    "group4": {
    "name": "failed",
    "htmlName": "failed",
    "count": 17,
    "percentage": 0.16471272163550044
},
    "meanNumberOfRequestsPerSecond": {
        "total": 3.7571896614488534,
        "ok": 3.751001092100473,
        "ko": 0.006188569348380051
    }
}
    },"req_cancel-vote--ci-1326826072": {
        "type": "REQUEST",
        "name": "Cancel vote (citation 2)",
"path": "Cancel vote (citation 2)",
"pathFormatted": "req_cancel-vote--ci-1326826072",
"stats": {
    "name": "Cancel vote (citation 2)",
    "numberOfRequests": {
        "total": 10304,
        "ok": 10291,
        "ko": 13
    },
    "minResponseTime": {
        "total": 19,
        "ok": 658,
        "ko": 19
    },
    "maxResponseTime": {
        "total": 28032,
        "ok": 28032,
        "ko": 1514
    },
    "meanResponseTime": {
        "total": 4630,
        "ok": 4636,
        "ko": 333
    },
    "standardDeviation": {
        "total": 3184,
        "ok": 3183,
        "ko": 386
    },
    "percentiles1": {
        "total": 3603,
        "ok": 3606,
        "ko": 177
    },
    "percentiles2": {
        "total": 5694,
        "ok": 5698,
        "ko": 477
    },
    "percentiles3": {
        "total": 11206,
        "ok": 11209,
        "ko": 1514
    },
    "percentiles4": {
        "total": 16790,
        "ok": 16794,
        "ko": 1514
    },
    "group1": {
    "name": "t < 800 ms",
    "htmlName": "t < 800 ms",
    "count": 13,
    "percentage": 0.12616459627329193
},
    "group2": {
    "name": "800 ms <= t < 1200 ms",
    "htmlName": "t >= 800 ms <br> t < 1200 ms",
    "count": 144,
    "percentage": 1.3975155279503106
},
    "group3": {
    "name": "t >= 1200 ms",
    "htmlName": "t >= 1200 ms",
    "count": 10134,
    "percentage": 98.3501552795031
},
    "group4": {
    "name": "failed",
    "htmlName": "failed",
    "count": 13,
    "percentage": 0.12616459627329193
},
    "meanNumberOfRequestsPerSecond": {
        "total": 3.751001092100473,
        "ok": 3.746268656716418,
        "ko": 0.004732435384055333
    }
}
    },"req_reject-vote--ci-155049977": {
        "type": "REQUEST",
        "name": "Reject vote (citation # 3)",
"path": "Reject vote (citation # 3)",
"pathFormatted": "req_reject-vote--ci-155049977",
"stats": {
    "name": "Reject vote (citation # 3)",
    "numberOfRequests": {
        "total": 10291,
        "ok": 10280,
        "ko": 11
    },
    "minResponseTime": {
        "total": 73,
        "ok": 515,
        "ko": 73
    },
    "maxResponseTime": {
        "total": 23397,
        "ok": 23397,
        "ko": 935
    },
    "meanResponseTime": {
        "total": 3551,
        "ok": 3554,
        "ko": 423
    },
    "standardDeviation": {
        "total": 3191,
        "ok": 3191,
        "ko": 306
    },
    "percentiles1": {
        "total": 2538,
        "ok": 2542,
        "ko": 227
    },
    "percentiles2": {
        "total": 4463,
        "ok": 4466,
        "ko": 805
    },
    "percentiles3": {
        "total": 10410,
        "ok": 10419,
        "ko": 935
    },
    "percentiles4": {
        "total": 15083,
        "ok": 15078,
        "ko": 935
    },
    "group1": {
    "name": "t < 800 ms",
    "htmlName": "t < 800 ms",
    "count": 728,
    "percentage": 7.074142454571956
},
    "group2": {
    "name": "800 ms <= t < 1200 ms",
    "htmlName": "t >= 800 ms <br> t < 1200 ms",
    "count": 1546,
    "percentage": 15.022835487319016
},
    "group3": {
    "name": "t >= 1200 ms",
    "htmlName": "t >= 1200 ms",
    "count": 8006,
    "percentage": 77.79613254299875
},
    "group4": {
    "name": "failed",
    "htmlName": "failed",
    "count": 11,
    "percentage": 0.10688951511029054
},
    "meanNumberOfRequestsPerSecond": {
        "total": 3.746268656716418,
        "ok": 3.7422642883145247,
        "ko": 0.004004368401892974
    }
}
    },"req_rejection-reaso-933200556": {
        "type": "REQUEST",
        "name": "Rejection reason (citation 3)",
"path": "Rejection reason (citation 3)",
"pathFormatted": "req_rejection-reaso-933200556",
"stats": {
    "name": "Rejection reason (citation 3)",
    "numberOfRequests": {
        "total": 10280,
        "ok": 10274,
        "ko": 6
    },
    "minResponseTime": {
        "total": 90,
        "ok": 394,
        "ko": 90
    },
    "maxResponseTime": {
        "total": 23384,
        "ok": 23384,
        "ko": 536
    },
    "meanResponseTime": {
        "total": 3997,
        "ok": 3999,
        "ko": 341
    },
    "standardDeviation": {
        "total": 2956,
        "ok": 2956,
        "ko": 156
    },
    "percentiles1": {
        "total": 3004,
        "ok": 3005,
        "ko": 360
    },
    "percentiles2": {
        "total": 4998,
        "ok": 5000,
        "ko": 515
    },
    "percentiles3": {
        "total": 10151,
        "ok": 10152,
        "ko": 536
    },
    "percentiles4": {
        "total": 14475,
        "ok": 14477,
        "ko": 536
    },
    "group1": {
    "name": "t < 800 ms",
    "htmlName": "t < 800 ms",
    "count": 114,
    "percentage": 1.1089494163424125
},
    "group2": {
    "name": "800 ms <= t < 1200 ms",
    "htmlName": "t >= 800 ms <br> t < 1200 ms",
    "count": 549,
    "percentage": 5.340466926070039
},
    "group3": {
    "name": "t >= 1200 ms",
    "htmlName": "t >= 1200 ms",
    "count": 9611,
    "percentage": 93.49221789883269
},
    "group4": {
    "name": "failed",
    "htmlName": "failed",
    "count": 6,
    "percentage": 0.058365758754863814
},
    "meanNumberOfRequestsPerSecond": {
        "total": 3.7422642883145247,
        "ok": 3.740080087368038,
        "ko": 0.002184200946487077
    }
}
    },"req_cancel-vote--ci-1326826103": {
        "type": "REQUEST",
        "name": "Cancel vote (citation 3)",
"path": "Cancel vote (citation 3)",
"pathFormatted": "req_cancel-vote--ci-1326826103",
"stats": {
    "name": "Cancel vote (citation 3)",
    "numberOfRequests": {
        "total": 10274,
        "ok": 10259,
        "ko": 15
    },
    "minResponseTime": {
        "total": 19,
        "ok": 537,
        "ko": 19
    },
    "maxResponseTime": {
        "total": 27931,
        "ok": 27931,
        "ko": 2195
    },
    "meanResponseTime": {
        "total": 4701,
        "ok": 4707,
        "ko": 490
    },
    "standardDeviation": {
        "total": 3237,
        "ok": 3235,
        "ko": 622
    },
    "percentiles1": {
        "total": 3672,
        "ok": 3677,
        "ko": 238
    },
    "percentiles2": {
        "total": 5796,
        "ok": 5801,
        "ko": 509
    },
    "percentiles3": {
        "total": 11341,
        "ok": 11346,
        "ko": 2195
    },
    "percentiles4": {
        "total": 16778,
        "ok": 16783,
        "ko": 2195
    },
    "group1": {
    "name": "t < 800 ms",
    "htmlName": "t < 800 ms",
    "count": 14,
    "percentage": 0.1362663032898579
},
    "group2": {
    "name": "800 ms <= t < 1200 ms",
    "htmlName": "t >= 800 ms <br> t < 1200 ms",
    "count": 119,
    "percentage": 1.1582635779637922
},
    "group3": {
    "name": "t >= 1200 ms",
    "htmlName": "t >= 1200 ms",
    "count": 10126,
    "percentage": 98.55947050807865
},
    "group4": {
    "name": "failed",
    "htmlName": "failed",
    "count": 15,
    "percentage": 0.14599961066770487
},
    "meanNumberOfRequestsPerSecond": {
        "total": 3.740080087368038,
        "ok": 3.7346195850018202,
        "ko": 0.005460502366217692
    }
}
    },"req_reject-vote--ci-155050008": {
        "type": "REQUEST",
        "name": "Reject vote (citation # 4)",
"path": "Reject vote (citation # 4)",
"pathFormatted": "req_reject-vote--ci-155050008",
"stats": {
    "name": "Reject vote (citation # 4)",
    "numberOfRequests": {
        "total": 10259,
        "ok": 10249,
        "ko": 10
    },
    "minResponseTime": {
        "total": 34,
        "ok": 513,
        "ko": 34
    },
    "maxResponseTime": {
        "total": 23122,
        "ok": 23122,
        "ko": 4738
    },
    "meanResponseTime": {
        "total": 3545,
        "ok": 3548,
        "ko": 729
    },
    "standardDeviation": {
        "total": 3187,
        "ok": 3188,
        "ko": 1358
    },
    "percentiles1": {
        "total": 2491,
        "ok": 2493,
        "ko": 327
    },
    "percentiles2": {
        "total": 4477,
        "ok": 4479,
        "ko": 536
    },
    "percentiles3": {
        "total": 10349,
        "ok": 10353,
        "ko": 4738
    },
    "percentiles4": {
        "total": 15138,
        "ok": 15114,
        "ko": 4738
    },
    "group1": {
    "name": "t < 800 ms",
    "htmlName": "t < 800 ms",
    "count": 720,
    "percentage": 7.018227897455892
},
    "group2": {
    "name": "800 ms <= t < 1200 ms",
    "htmlName": "t >= 800 ms <br> t < 1200 ms",
    "count": 1551,
    "percentage": 15.118432595769567
},
    "group3": {
    "name": "t >= 1200 ms",
    "htmlName": "t >= 1200 ms",
    "count": 7978,
    "percentage": 77.76586411930987
},
    "group4": {
    "name": "failed",
    "htmlName": "failed",
    "count": 10,
    "percentage": 0.09747538746466518
},
    "meanNumberOfRequestsPerSecond": {
        "total": 3.7346195850018202,
        "ok": 3.7309792500910084,
        "ko": 0.0036403349108117948
    }
}
    },"req_rejection-reaso-933200587": {
        "type": "REQUEST",
        "name": "Rejection reason (citation 4)",
"path": "Rejection reason (citation 4)",
"pathFormatted": "req_rejection-reaso-933200587",
"stats": {
    "name": "Rejection reason (citation 4)",
    "numberOfRequests": {
        "total": 10249,
        "ok": 10236,
        "ko": 13
    },
    "minResponseTime": {
        "total": 15,
        "ok": 373,
        "ko": 15
    },
    "maxResponseTime": {
        "total": 23123,
        "ok": 23123,
        "ko": 740
    },
    "meanResponseTime": {
        "total": 3936,
        "ok": 3941,
        "ko": 326
    },
    "standardDeviation": {
        "total": 2921,
        "ok": 2920,
        "ko": 264
    },
    "percentiles1": {
        "total": 2935,
        "ok": 2938,
        "ko": 223
    },
    "percentiles2": {
        "total": 4901,
        "ok": 4903,
        "ko": 569
    },
    "percentiles3": {
        "total": 10102,
        "ok": 10105,
        "ko": 740
    },
    "percentiles4": {
        "total": 14340,
        "ok": 14344,
        "ko": 740
    },
    "group1": {
    "name": "t < 800 ms",
    "htmlName": "t < 800 ms",
    "count": 138,
    "percentage": 1.346472826617231
},
    "group2": {
    "name": "800 ms <= t < 1200 ms",
    "htmlName": "t >= 800 ms <br> t < 1200 ms",
    "count": 501,
    "percentage": 4.888281783588642
},
    "group3": {
    "name": "t >= 1200 ms",
    "htmlName": "t >= 1200 ms",
    "count": 9597,
    "percentage": 93.638403746707
},
    "group4": {
    "name": "failed",
    "htmlName": "failed",
    "count": 13,
    "percentage": 0.12684164308713045
},
    "meanNumberOfRequestsPerSecond": {
        "total": 3.7309792500910084,
        "ok": 3.726246814706953,
        "ko": 0.004732435384055333
    }
}
    },"req_cancel-vote--ci-1326826134": {
        "type": "REQUEST",
        "name": "Cancel vote (citation 4)",
"path": "Cancel vote (citation 4)",
"pathFormatted": "req_cancel-vote--ci-1326826134",
"stats": {
    "name": "Cancel vote (citation 4)",
    "numberOfRequests": {
        "total": 10236,
        "ok": 10220,
        "ko": 16
    },
    "minResponseTime": {
        "total": 12,
        "ok": 558,
        "ko": 12
    },
    "maxResponseTime": {
        "total": 29067,
        "ok": 29067,
        "ko": 1771
    },
    "meanResponseTime": {
        "total": 4824,
        "ok": 4831,
        "ko": 430
    },
    "standardDeviation": {
        "total": 3332,
        "ok": 3330,
        "ko": 488
    },
    "percentiles1": {
        "total": 3748,
        "ok": 3752,
        "ko": 284
    },
    "percentiles2": {
        "total": 5879,
        "ok": 5883,
        "ko": 440
    },
    "percentiles3": {
        "total": 11638,
        "ok": 11641,
        "ko": 1771
    },
    "percentiles4": {
        "total": 17047,
        "ok": 17050,
        "ko": 1771
    },
    "group1": {
    "name": "t < 800 ms",
    "htmlName": "t < 800 ms",
    "count": 8,
    "percentage": 0.07815552950371239
},
    "group2": {
    "name": "800 ms <= t < 1200 ms",
    "htmlName": "t >= 800 ms <br> t < 1200 ms",
    "count": 94,
    "percentage": 0.9183274716686205
},
    "group3": {
    "name": "t >= 1200 ms",
    "htmlName": "t >= 1200 ms",
    "count": 10118,
    "percentage": 98.84720593982024
},
    "group4": {
    "name": "failed",
    "htmlName": "failed",
    "count": 16,
    "percentage": 0.15631105900742479
},
    "meanNumberOfRequestsPerSecond": {
        "total": 3.726246814706953,
        "ok": 3.720422278849654,
        "ko": 0.005824535857298871
    }
}
    },"req_accept-vote--ci--768716000": {
        "type": "REQUEST",
        "name": "Accept vote (citation # 5)",
"path": "Accept vote (citation # 5)",
"pathFormatted": "req_accept-vote--ci--768716000",
"stats": {
    "name": "Accept vote (citation # 5)",
    "numberOfRequests": {
        "total": 10220,
        "ok": 10204,
        "ko": 16
    },
    "minResponseTime": {
        "total": 10,
        "ok": 590,
        "ko": 10
    },
    "maxResponseTime": {
        "total": 26150,
        "ok": 26150,
        "ko": 930
    },
    "meanResponseTime": {
        "total": 4828,
        "ok": 4835,
        "ko": 249
    },
    "standardDeviation": {
        "total": 3227,
        "ok": 3225,
        "ko": 243
    },
    "percentiles1": {
        "total": 3801,
        "ok": 3806,
        "ko": 197
    },
    "percentiles2": {
        "total": 5983,
        "ok": 5988,
        "ko": 355
    },
    "percentiles3": {
        "total": 11596,
        "ok": 11600,
        "ko": 930
    },
    "percentiles4": {
        "total": 16185,
        "ok": 16192,
        "ko": 930
    },
    "group1": {
    "name": "t < 800 ms",
    "htmlName": "t < 800 ms",
    "count": 7,
    "percentage": 0.0684931506849315
},
    "group2": {
    "name": "800 ms <= t < 1200 ms",
    "htmlName": "t >= 800 ms <br> t < 1200 ms",
    "count": 84,
    "percentage": 0.821917808219178
},
    "group3": {
    "name": "t >= 1200 ms",
    "htmlName": "t >= 1200 ms",
    "count": 10113,
    "percentage": 98.95303326810176
},
    "group4": {
    "name": "failed",
    "htmlName": "failed",
    "count": 16,
    "percentage": 0.15655577299412915
},
    "meanNumberOfRequestsPerSecond": {
        "total": 3.720422278849654,
        "ok": 3.714597742992355,
        "ko": 0.005824535857298871
    }
}
    },"req_cancel-vote--ci-1326826165": {
        "type": "REQUEST",
        "name": "Cancel vote (citation 5)",
"path": "Cancel vote (citation 5)",
"pathFormatted": "req_cancel-vote--ci-1326826165",
"stats": {
    "name": "Cancel vote (citation 5)",
    "numberOfRequests": {
        "total": 10204,
        "ok": 10194,
        "ko": 10
    },
    "minResponseTime": {
        "total": 11,
        "ok": 667,
        "ko": 11
    },
    "maxResponseTime": {
        "total": 28779,
        "ok": 28779,
        "ko": 497
    },
    "meanResponseTime": {
        "total": 4909,
        "ok": 4914,
        "ko": 175
    },
    "standardDeviation": {
        "total": 3278,
        "ok": 3276,
        "ko": 177
    },
    "percentiles1": {
        "total": 3868,
        "ok": 3871,
        "ko": 102
    },
    "percentiles2": {
        "total": 6026,
        "ok": 6029,
        "ko": 343
    },
    "percentiles3": {
        "total": 11514,
        "ok": 11516,
        "ko": 497
    },
    "percentiles4": {
        "total": 16911,
        "ok": 16915,
        "ko": 497
    },
    "group1": {
    "name": "t < 800 ms",
    "htmlName": "t < 800 ms",
    "count": 9,
    "percentage": 0.08820070560564484
},
    "group2": {
    "name": "800 ms <= t < 1200 ms",
    "htmlName": "t >= 800 ms <br> t < 1200 ms",
    "count": 81,
    "percentage": 0.7938063504508036
},
    "group3": {
    "name": "t >= 1200 ms",
    "htmlName": "t >= 1200 ms",
    "count": 10104,
    "percentage": 99.01999215993727
},
    "group4": {
    "name": "failed",
    "htmlName": "failed",
    "count": 10,
    "percentage": 0.09800078400627205
},
    "meanNumberOfRequestsPerSecond": {
        "total": 3.714597742992355,
        "ok": 3.7109574080815433,
        "ko": 0.0036403349108117948
    }
}
    },"req_accept-vote--ci--768715969": {
        "type": "REQUEST",
        "name": "Accept vote (citation # 6)",
"path": "Accept vote (citation # 6)",
"pathFormatted": "req_accept-vote--ci--768715969",
"stats": {
    "name": "Accept vote (citation # 6)",
    "numberOfRequests": {
        "total": 10194,
        "ok": 10184,
        "ko": 10
    },
    "minResponseTime": {
        "total": 102,
        "ok": 603,
        "ko": 102
    },
    "maxResponseTime": {
        "total": 24299,
        "ok": 24299,
        "ko": 1069
    },
    "meanResponseTime": {
        "total": 4917,
        "ok": 4922,
        "ko": 474
    },
    "standardDeviation": {
        "total": 3195,
        "ok": 3194,
        "ko": 305
    },
    "percentiles1": {
        "total": 3898,
        "ok": 3901,
        "ko": 502
    },
    "percentiles2": {
        "total": 6097,
        "ok": 6099,
        "ko": 563
    },
    "percentiles3": {
        "total": 11510,
        "ok": 11513,
        "ko": 1069
    },
    "percentiles4": {
        "total": 16054,
        "ok": 16056,
        "ko": 1069
    },
    "group1": {
    "name": "t < 800 ms",
    "htmlName": "t < 800 ms",
    "count": 4,
    "percentage": 0.039238767902687856
},
    "group2": {
    "name": "800 ms <= t < 1200 ms",
    "htmlName": "t >= 800 ms <br> t < 1200 ms",
    "count": 68,
    "percentage": 0.6670590543456936
},
    "group3": {
    "name": "t >= 1200 ms",
    "htmlName": "t >= 1200 ms",
    "count": 10112,
    "percentage": 99.1956052579949
},
    "group4": {
    "name": "failed",
    "htmlName": "failed",
    "count": 10,
    "percentage": 0.09809691975671965
},
    "meanNumberOfRequestsPerSecond": {
        "total": 3.7109574080815433,
        "ok": 3.707317073170732,
        "ko": 0.0036403349108117948
    }
}
    },"req_cancel-vote--ci-1326826196": {
        "type": "REQUEST",
        "name": "Cancel vote (citation 6)",
"path": "Cancel vote (citation 6)",
"pathFormatted": "req_cancel-vote--ci-1326826196",
"stats": {
    "name": "Cancel vote (citation 6)",
    "numberOfRequests": {
        "total": 10184,
        "ok": 10164,
        "ko": 20
    },
    "minResponseTime": {
        "total": 18,
        "ok": 618,
        "ko": 18
    },
    "maxResponseTime": {
        "total": 27711,
        "ok": 27711,
        "ko": 912
    },
    "meanResponseTime": {
        "total": 5048,
        "ok": 5057,
        "ko": 239
    },
    "standardDeviation": {
        "total": 3360,
        "ok": 3357,
        "ko": 187
    },
    "percentiles1": {
        "total": 3998,
        "ok": 4004,
        "ko": 225
    },
    "percentiles2": {
        "total": 6177,
        "ok": 6183,
        "ko": 297
    },
    "percentiles3": {
        "total": 11831,
        "ok": 11836,
        "ko": 912
    },
    "percentiles4": {
        "total": 17429,
        "ok": 17436,
        "ko": 912
    },
    "group1": {
    "name": "t < 800 ms",
    "htmlName": "t < 800 ms",
    "count": 8,
    "percentage": 0.07855459544383347
},
    "group2": {
    "name": "800 ms <= t < 1200 ms",
    "htmlName": "t >= 800 ms <br> t < 1200 ms",
    "count": 63,
    "percentage": 0.6186174391201885
},
    "group3": {
    "name": "t >= 1200 ms",
    "htmlName": "t >= 1200 ms",
    "count": 10093,
    "percentage": 99.10644147682639
},
    "group4": {
    "name": "failed",
    "htmlName": "failed",
    "count": 20,
    "percentage": 0.19638648860958366
},
    "meanNumberOfRequestsPerSecond": {
        "total": 3.707317073170732,
        "ok": 3.700036403349108,
        "ko": 0.0072806698216235895
    }
}
    },"req_reject-vote--ci-155050101": {
        "type": "REQUEST",
        "name": "Reject vote (citation # 7)",
"path": "Reject vote (citation # 7)",
"pathFormatted": "req_reject-vote--ci-155050101",
"stats": {
    "name": "Reject vote (citation # 7)",
    "numberOfRequests": {
        "total": 10164,
        "ok": 10158,
        "ko": 6
    },
    "minResponseTime": {
        "total": 154,
        "ok": 507,
        "ko": 154
    },
    "maxResponseTime": {
        "total": 26849,
        "ok": 26849,
        "ko": 1482
    },
    "meanResponseTime": {
        "total": 3529,
        "ok": 3530,
        "ko": 516
    },
    "standardDeviation": {
        "total": 3180,
        "ok": 3180,
        "ko": 444
    },
    "percentiles1": {
        "total": 2484,
        "ok": 2486,
        "ko": 405
    },
    "percentiles2": {
        "total": 4490,
        "ok": 4490,
        "ko": 432
    },
    "percentiles3": {
        "total": 10363,
        "ok": 10367,
        "ko": 1482
    },
    "percentiles4": {
        "total": 15038,
        "ok": 15043,
        "ko": 1482
    },
    "group1": {
    "name": "t < 800 ms",
    "htmlName": "t < 800 ms",
    "count": 748,
    "percentage": 7.35930735930736
},
    "group2": {
    "name": "800 ms <= t < 1200 ms",
    "htmlName": "t >= 800 ms <br> t < 1200 ms",
    "count": 1547,
    "percentage": 15.22038567493113
},
    "group3": {
    "name": "t >= 1200 ms",
    "htmlName": "t >= 1200 ms",
    "count": 7863,
    "percentage": 77.36127508854781
},
    "group4": {
    "name": "failed",
    "htmlName": "failed",
    "count": 6,
    "percentage": 0.05903187721369539
},
    "meanNumberOfRequestsPerSecond": {
        "total": 3.700036403349108,
        "ok": 3.697852202402621,
        "ko": 0.002184200946487077
    }
}
    },"req_rejection-reaso-933200680": {
        "type": "REQUEST",
        "name": "Rejection reason (citation 7)",
"path": "Rejection reason (citation 7)",
"pathFormatted": "req_rejection-reaso-933200680",
"stats": {
    "name": "Rejection reason (citation 7)",
    "numberOfRequests": {
        "total": 10158,
        "ok": 10146,
        "ko": 12
    },
    "minResponseTime": {
        "total": 13,
        "ok": 355,
        "ko": 13
    },
    "maxResponseTime": {
        "total": 23193,
        "ok": 23193,
        "ko": 1832
    },
    "meanResponseTime": {
        "total": 3908,
        "ok": 3912,
        "ko": 507
    },
    "standardDeviation": {
        "total": 2893,
        "ok": 2892,
        "ko": 522
    },
    "percentiles1": {
        "total": 2936,
        "ok": 2939,
        "ko": 431
    },
    "percentiles2": {
        "total": 4881,
        "ok": 4885,
        "ko": 786
    },
    "percentiles3": {
        "total": 9989,
        "ok": 9992,
        "ko": 1832
    },
    "percentiles4": {
        "total": 14542,
        "ok": 14545,
        "ko": 1832
    },
    "group1": {
    "name": "t < 800 ms",
    "htmlName": "t < 800 ms",
    "count": 134,
    "percentage": 1.3191573144319748
},
    "group2": {
    "name": "800 ms <= t < 1200 ms",
    "htmlName": "t >= 800 ms <br> t < 1200 ms",
    "count": 542,
    "percentage": 5.335696003150226
},
    "group3": {
    "name": "t >= 1200 ms",
    "htmlName": "t >= 1200 ms",
    "count": 9470,
    "percentage": 93.22701319157315
},
    "group4": {
    "name": "failed",
    "htmlName": "failed",
    "count": 12,
    "percentage": 0.11813349084465447
},
    "meanNumberOfRequestsPerSecond": {
        "total": 3.697852202402621,
        "ok": 3.693483800509647,
        "ko": 0.004368401892974154
    }
}
    },"req_cancel-vote--ci-1326826227": {
        "type": "REQUEST",
        "name": "Cancel vote (citation 7)",
"path": "Cancel vote (citation 7)",
"pathFormatted": "req_cancel-vote--ci-1326826227",
"stats": {
    "name": "Cancel vote (citation 7)",
    "numberOfRequests": {
        "total": 10146,
        "ok": 10136,
        "ko": 10
    },
    "minResponseTime": {
        "total": 30,
        "ok": 646,
        "ko": 30
    },
    "maxResponseTime": {
        "total": 29180,
        "ok": 29180,
        "ko": 1181
    },
    "meanResponseTime": {
        "total": 5090,
        "ok": 5094,
        "ko": 422
    },
    "standardDeviation": {
        "total": 3469,
        "ok": 3468,
        "ko": 322
    },
    "percentiles1": {
        "total": 3994,
        "ok": 3997,
        "ko": 396
    },
    "percentiles2": {
        "total": 6200,
        "ok": 6203,
        "ko": 579
    },
    "percentiles3": {
        "total": 12093,
        "ok": 12096,
        "ko": 1181
    },
    "percentiles4": {
        "total": 18225,
        "ok": 18229,
        "ko": 1181
    },
    "group1": {
    "name": "t < 800 ms",
    "htmlName": "t < 800 ms",
    "count": 3,
    "percentage": 0.029568302779420463
},
    "group2": {
    "name": "800 ms <= t < 1200 ms",
    "htmlName": "t >= 800 ms <br> t < 1200 ms",
    "count": 60,
    "percentage": 0.5913660555884093
},
    "group3": {
    "name": "t >= 1200 ms",
    "htmlName": "t >= 1200 ms",
    "count": 10073,
    "percentage": 99.28050463236744
},
    "group4": {
    "name": "failed",
    "htmlName": "failed",
    "count": 10,
    "percentage": 0.09856100926473486
},
    "meanNumberOfRequestsPerSecond": {
        "total": 3.693483800509647,
        "ok": 3.6898434655988352,
        "ko": 0.0036403349108117948
    }
}
    },"req_reject-vote--ci-155050132": {
        "type": "REQUEST",
        "name": "Reject vote (citation # 8)",
"path": "Reject vote (citation # 8)",
"pathFormatted": "req_reject-vote--ci-155050132",
"stats": {
    "name": "Reject vote (citation # 8)",
    "numberOfRequests": {
        "total": 10136,
        "ok": 10116,
        "ko": 20
    },
    "minResponseTime": {
        "total": 19,
        "ok": 493,
        "ko": 19
    },
    "maxResponseTime": {
        "total": 23930,
        "ok": 23930,
        "ko": 1758
    },
    "meanResponseTime": {
        "total": 3489,
        "ok": 3495,
        "ko": 387
    },
    "standardDeviation": {
        "total": 3136,
        "ok": 3136,
        "ko": 458
    },
    "percentiles1": {
        "total": 2489,
        "ok": 2495,
        "ko": 191
    },
    "percentiles2": {
        "total": 4482,
        "ok": 4488,
        "ko": 511
    },
    "percentiles3": {
        "total": 10008,
        "ok": 10014,
        "ko": 1758
    },
    "percentiles4": {
        "total": 14835,
        "ok": 14838,
        "ko": 1758
    },
    "group1": {
    "name": "t < 800 ms",
    "htmlName": "t < 800 ms",
    "count": 743,
    "percentage": 7.330307813733228
},
    "group2": {
    "name": "800 ms <= t < 1200 ms",
    "htmlName": "t >= 800 ms <br> t < 1200 ms",
    "count": 1591,
    "percentage": 15.696527229676402
},
    "group3": {
    "name": "t >= 1200 ms",
    "htmlName": "t >= 1200 ms",
    "count": 7782,
    "percentage": 76.77584846093133
},
    "group4": {
    "name": "failed",
    "htmlName": "failed",
    "count": 20,
    "percentage": 0.1973164956590371
},
    "meanNumberOfRequestsPerSecond": {
        "total": 3.6898434655988352,
        "ok": 3.6825627957772116,
        "ko": 0.0072806698216235895
    }
}
    },"req_rejection-reaso-933200711": {
        "type": "REQUEST",
        "name": "Rejection reason (citation 8)",
"path": "Rejection reason (citation 8)",
"pathFormatted": "req_rejection-reaso-933200711",
"stats": {
    "name": "Rejection reason (citation 8)",
    "numberOfRequests": {
        "total": 10116,
        "ok": 10098,
        "ko": 18
    },
    "minResponseTime": {
        "total": 54,
        "ok": 340,
        "ko": 54
    },
    "maxResponseTime": {
        "total": 22411,
        "ok": 22411,
        "ko": 1505
    },
    "meanResponseTime": {
        "total": 3916,
        "ok": 3922,
        "ko": 549
    },
    "standardDeviation": {
        "total": 2930,
        "ok": 2929,
        "ko": 435
    },
    "percentiles1": {
        "total": 2880,
        "ok": 2884,
        "ko": 475
    },
    "percentiles2": {
        "total": 4930,
        "ok": 4936,
        "ko": 831
    },
    "percentiles3": {
        "total": 10096,
        "ok": 10100,
        "ko": 1505
    },
    "percentiles4": {
        "total": 14024,
        "ok": 14032,
        "ko": 1505
    },
    "group1": {
    "name": "t < 800 ms",
    "htmlName": "t < 800 ms",
    "count": 145,
    "percentage": 1.4333728746540133
},
    "group2": {
    "name": "800 ms <= t < 1200 ms",
    "htmlName": "t >= 800 ms <br> t < 1200 ms",
    "count": 579,
    "percentage": 5.723606168446026
},
    "group3": {
    "name": "t >= 1200 ms",
    "htmlName": "t >= 1200 ms",
    "count": 9374,
    "percentage": 92.66508501383946
},
    "group4": {
    "name": "failed",
    "htmlName": "failed",
    "count": 18,
    "percentage": 0.1779359430604982
},
    "meanNumberOfRequestsPerSecond": {
        "total": 3.6825627957772116,
        "ok": 3.6760101929377504,
        "ko": 0.006552602839461231
    }
}
    },"req_cancel-vote--ci-1326826258": {
        "type": "REQUEST",
        "name": "Cancel vote (citation 8)",
"path": "Cancel vote (citation 8)",
"pathFormatted": "req_cancel-vote--ci-1326826258",
"stats": {
    "name": "Cancel vote (citation 8)",
    "numberOfRequests": {
        "total": 10098,
        "ok": 10078,
        "ko": 20
    },
    "minResponseTime": {
        "total": 14,
        "ok": 639,
        "ko": 14
    },
    "maxResponseTime": {
        "total": 29040,
        "ok": 29040,
        "ko": 2058
    },
    "meanResponseTime": {
        "total": 5200,
        "ok": 5210,
        "ko": 404
    },
    "standardDeviation": {
        "total": 3489,
        "ok": 3485,
        "ko": 585
    },
    "percentiles1": {
        "total": 4086,
        "ok": 4092,
        "ko": 219
    },
    "percentiles2": {
        "total": 6300,
        "ok": 6305,
        "ko": 502
    },
    "percentiles3": {
        "total": 12383,
        "ok": 12388,
        "ko": 2058
    },
    "percentiles4": {
        "total": 18256,
        "ok": 18260,
        "ko": 2058
    },
    "group1": {
    "name": "t < 800 ms",
    "htmlName": "t < 800 ms",
    "count": 5,
    "percentage": 0.04951475539710833
},
    "group2": {
    "name": "800 ms <= t < 1200 ms",
    "htmlName": "t >= 800 ms <br> t < 1200 ms",
    "count": 56,
    "percentage": 0.5545652604476135
},
    "group3": {
    "name": "t >= 1200 ms",
    "htmlName": "t >= 1200 ms",
    "count": 10017,
    "percentage": 99.19786096256684
},
    "group4": {
    "name": "failed",
    "htmlName": "failed",
    "count": 20,
    "percentage": 0.19805902158843333
},
    "meanNumberOfRequestsPerSecond": {
        "total": 3.6760101929377504,
        "ok": 3.6687295231161268,
        "ko": 0.0072806698216235895
    }
}
    }
}

}